566409e9-9984-410c-8e7e-592ffc037452,ann-31-07-2019,170,7,7,9
a2586591-2ec6-4ae9-9234-2afc9883a65d,ann-31-07-2019,171,2,7,13
a12c84a2-1c0d-4c61-88ba-1c754ba16f52,ann-31-07-2019,167,6,9,11
5399b712-7d05-4171-beff-7086fbb963bf,ann-31-07-2019,159,3,15,16
d6f72a2f-50a0-4e0a-837d-2b649ef7104d,ann-31-07-2019,154,7,16,16
12fd5400-e5b5-41e5-85f7-8aa0da37832f,ann-31-07-2019,159,5,18,11
c27708eb-1d30-46ae-b74c-9572810d0c6f,ann-31-07-2019,163,0,15,15
94d3347e-b324-4466-9c14-9895571ef9be,ann-31-07-2019,162,7,13,11
74696245-4ead-4f60-8cc9-fd0a1141e29f,ann-31-07-2019,164,7,13,9
0fcd9a73-16c6-4e53-ab41-2167007e7270,ann-31-07-2019,157,7,14,15
8ee36863-d10a-40a9-8c8d-a9892acc6701,ann-31-07-2019,164,3,10,16
9e402c49-bb4d-4ac1-bc2a-d29c73debc6e,ann-31-07-2019,167,2,12,12
2925238d-9dce-49bf-b8a5-0ef946e5fca9,ann-31-07-2019,164,1,16,12
52924a3d-ea22-4272-aaf1-ee01d6cfbb5e,ann-31-07-2019,165,5,12,11
af550470-c436-4ef5-ad6f-d3fcb33e8c5d,ann-31-07-2019,168,2,11,12
d295fec3-21e9-4bff-a5b9-badd37ce3513,ann-31-07-2019,162,4,12,15
f64a242d-6ebd-4a9c-84c0-190bc587405c,ann-31-07-2019,166,6,11,10
b5ea645a-f1f5-4b0a-8672-c9a98593c3f2,ann-31-07-2019,166,4,9,14
48f94046-6e0f-493f-b913-069906ce04e4,ann-31-07-2019,157,9,14,13
80229872-27e5-40ee-a491-fbe3164603ae,ann-31-07-2019,160,1,17,15
117f4f7a-3334-46d0-bdae-8099743a06c6,ann-31-07-2019,164,6,9,14
be77bb35-9d90-4bf5-8eb2-8dfa10e63c41,ann-31-07-2019,161,8,10,14
e50eca41-11f4-452b-8dea-e52e4e0908d4,ann-31-07-2019,169,4,11,9
478a3daa-3513-42bd-a356-60f35a182c2a,ann-31-07-2019,165,7,8,13
3629ca4d-6cbc-44a7-b6c3-5af35561183e,ann-31-07-2019,170,0,11,12
60d2c569-cbbf-447b-81f9-00e1dc0b1a77,ann-31-07-2019,163,6,11,13
99b2faeb-736d-453c-ad67-e25045d161a5,ann-31-07-2019,166,4,12,11
c792ad63-2186-4d97-84de-1f2e86cd1e60,ann-31-07-2019,167,4,10,12
cb76ae76-6b68-4c69-8bf3-1a2fae687c9c,ann-31-07-2019,163,4,14,12
ec53a19f-c303-4874-84fd-d9ea98e25634,ann-31-07-2019,165,3,14,11
ab6ae323-85a3-4d5c-b063-02fe39139ba5,ann-31-07-2019,161,1,17,14
1a69d7d7-26e1-4198-b1fe-6f40e1ad6a5e,ann-31-07-2019,167,5,8,13
7baad2de-4580-4035-a786-64691a748de7,ann-31-07-2019,160,5,15,13
0467e80e-19c1-497b-817c-f4c8fc7423e9,ann-31-07-2019,168,4,12,9
e670e6c7-a16c-4ade-8204-abf88d14a999,ann-31-07-2019,168,3,12,10
d1596045-2571-430c-83cc-438abdb9fdf2,ann-31-07-2019,162,5,11,15
89e8dbd6-0792-4115-bbd2-cc1940244ebc,ann-31-07-2019,161,2,19,11
6572fd04-903e-4c56-ba72-0dce68d42022,ann-31-07-2019,167,3,13,10
ec37c28d-c9d6-4847-aff1-2b2df5ccff0e,ann-31-07-2019,162,4,14,13
f13cd63d-4e61-4ac2-be27-f725aa9c8921,ann-31-07-2019,163,5,13,12
e9c1e8ab-ee59-4dda-9733-4456a653bedf,ann-31-07-2019,165,1,14,13
23400c8b-1c15-4555-bdbb-4c38e277787b,ann-31-07-2019,168,1,13,11
474ba2a0-610c-49aa-8bc5-a1d126b9708f,ann-31-07-2019,169,3,10,11
2a35deac-bb1c-4fe1-8fbd-21eb58f720f5,ann-31-07-2019,165,5,9,14
db280cae-b92c-468f-9a18-f76574b1d5b0,ann-31-07-2019,162,4,11,16
ee0c0b1a-cac5-45b6-9a78-0fcafc5223fd,ann-31-07-2019,166,2,13,12
ddbafea2-cc77-4e24-9b0e-0f53eb252bd1,ann-31-07-2019,162,4,16,11
4e97dced-6e35-4f94-b0e1-057f8198760b,ann-31-07-2019,159,8,13,13
ea036979-cb09-407e-be15-993c09e4af3f,ann-31-07-2019,162,4,17,10
d024c360-c9c5-4b66-9448-ff43de33e883,ann-31-07-2019,165,4,12,12
54bf4fe5-93e2-4812-83db-e4d775f55ee8,ann-31-07-2019,166,7,14,6
81c028cd-6955-4c19-bf67-2bccb35604e6,ann-31-07-2019,166,1,15,11
24872204-de58-4dc2-ba94-598d4d7bab11,ann-31-07-2019,163,3,16,11
fcc78b73-4e52-4a55-82e8-9f0863e09c59,ann-31-07-2019,169,1,15,8
e30df82e-9eab-47cf-be28-c2b45ae2ed43,ann-31-07-2019,166,0,13,14
cf553778-8891-4f91-98fb-491e15771a72,ann-31-07-2019,163,3,13,14
3838df27-77b4-4199-9558-7abea3c132fa,ann-31-07-2019,169,8,8,8
fa2737e6-a378-4fc1-b0db-659445b9fd16,ann-31-07-2019,169,4,10,10
414c7c81-fb96-47be-a07a-7016486802ae,ann-31-07-2019,170,5,7,11
ca83fac3-c0c1-4e11-9383-c19b3095792d,ann-31-07-2019,173,5,7,8
4f9d88a7-614e-4eab-bc91-b49c9642056a,ann-31-07-2019,169,5,10,9
2ad28d66-79c2-4934-a0e3-e0f0f2fb973f,ann-31-07-2019,167,1,12,13
8a83b00f-5f9b-4aa5-b9ff-de2553ee9566,ann-31-07-2019,162,4,14,13
5189f1e5-18fd-4eb1-8f6a-ddc49755dc76,ann-31-07-2019,165,3,15,10
6cda9977-9252-496d-b5ed-1f17f2ed6f15,ann-31-07-2019,167,4,14,8
fc10c0d3-b64b-4198-9c65-1218b5c32ef8,ann-31-07-2019,169,0,17,7
8f8d9b7b-46f1-45c6-adbd-fac05319b68d,ann-31-07-2019,165,4,8,16
921511ef-9c68-4ec1-a42f-c5bc6e1f67d4,ann-31-07-2019,161,8,9,15
b4c52836-0b9f-4efc-9492-d523dbdd86f3,ann-31-07-2019,160,11,11,11
2ce77a80-3c36-40b9-9eed-8f5b896d74f7,ann-31-07-2019,162,0,17,14
92ce5ca5-6839-4503-a057-d5ba8bff816e,ann-31-07-2019,160,3,16,14
6101166f-be50-4856-900f-76afc67ae9e5,ann-31-07-2019,168,2,9,14
d03ad8ff-6993-4321-94d6-3f519799ff6b,ann-31-07-2019,157,6,13,17
10d5eb66-b0ef-4e91-a128-18cd4b29c95a,ann-31-07-2019,170,6,5,12
a6f472bb-2809-4b58-8b9e-a08aaf2587d3,ann-31-07-2019,168,2,12,11
e707b9e7-c553-4645-a271-c70f2e6b083d,ann-31-07-2019,169,3,13,8
fb9880ec-796a-455f-89bb-032bbf0b4577,ann-31-07-2019,160,10,10,13
e67864f4-0f88-46e2-a602-86a9f60a5e85,ann-31-07-2019,160,7,16,10
d7a0478c-a4b3-4ddd-87d6-35864f13c974,ann-31-07-2019,160,8,13,12
966f9c27-0ae5-4973-b7fd-f3970401050a,ann-31-07-2019,165,1,13,14
e8beeb86-de63-4b0d-8c76-0a3c79c53841,ann-31-07-2019,169,2,13,9
fac479b9-1207-46ba-ace4-74a1983b7393,ann-31-07-2019,166,4,10,13
fb6edf57-7857-4dd3-96ee-22c6b8f5116e,ann-31-07-2019,163,4,15,11
fe5f9d94-2e1b-48af-94d7-d8c6bce10bb6,ann-31-07-2019,161,4,17,11
eb72fded-cd02-4b88-911f-2fe87824bf02,ann-31-07-2019,160,2,14,17
24eaf355-26cd-45f7-9f52-064b89da4c3a,ann-31-07-2019,164,4,13,12
f4f423a1-1638-4d9f-9799-8339c6533a04,ann-31-07-2019,168,1,10,14
fdd96377-5ad7-4d86-b33b-509ed1622aa8,ann-31-07-2019,169,4,10,10
78e39354-3cad-49c9-b119-a9a300a034e8,ann-31-07-2019,159,6,17,11
6b17f50d-3eaa-454e-ba54-a9c376ec5290,ann-31-07-2019,165,5,14,9
3a5e171b-a3f0-4261-bf1b-f1f67182f97c,ann-31-07-2019,170,4,9,10
9b8b5950-a1b9-4160-80de-273118f46a37,ann-31-07-2019,163,3,14,13
4fb78c3a-27f3-4b60-8915-a194cd0dc400,ann-31-07-2019,167,4,10,12
b2578a2c-a50e-4253-9942-4246dddf71f3,ann-31-07-2019,168,4,11,10
a9a68052-3589-47b5-a9da-935f9a93ab75,ann-31-07-2019,157,6,15,15
a5be497c-8ca9-4141-bd0a-39c955c1bdda,ann-31-07-2019,163,4,15,11
508bfe27-5a0b-4639-b583-2fd1e2b720d5,ann-31-07-2019,160,6,15,12
b3026cdf-29b3-4d86-8843-0b85b3c8f64c,ann-31-07-2019,167,6,10,10
282bc87b-3036-4f78-9b42-1227ead4900d,ann-31-07-2019,162,3,12,16
fadaf450-ef74-4327-8cf4-bb96cfeda483,ann-31-07-2019,161,5,15,12
6ff1a51d-9ad7-44ae-848d-a318e62a66c6,ann-31-07-2019,166,7,11,9
90360b50-a0d1-4bf0-94df-698320e10869,ann-31-07-2019,164,5,12,12
2cff835f-f3f2-4fdf-8f37-cc3df90166bd,ann-31-07-2019,162,6,13,12
784f154e-d581-4d40-bf42-d7ece8e064ab,ann-31-07-2019,167,1,13,12
26ab35ad-31ad-4ae8-8e9f-586f391e7513,ann-31-07-2019,160,6,13,14
ee1dbbe7-6c57-453e-8f06-69f16c24eca6,ann-31-07-2019,170,6,9,8
73a42980-11c7-4037-a3a0-4b76fc13e5d8,ann-31-07-2019,166,2,15,10
2f9fb5a1-8666-4d84-829a-ef99489b8726,ann-31-07-2019,165,2,15,11
5ca190a6-1b0e-46c5-b10e-21df102bdf9d,ann-31-07-2019,167,4,11,11
86cd13ae-8221-4762-af12-48d23f2cb97f,ann-31-07-2019,165,5,11,12
f1c0371e-d945-4434-97e7-f532984b0adf,ann-31-07-2019,162,9,10,12
60526861-28fe-4c02-b4cb-c2d7a0bd7238,ann-31-07-2019,168,2,11,12
33bf012c-b087-4796-810d-33764f49b57a,ann-31-07-2019,171,4,14,4
a2809c76-d6fb-4fab-883e-b3aa2d7c59c3,ann-31-07-2019,166,4,15,8
559fb3b9-367b-4b36-b4d9-2620782455bb,ann-31-07-2019,162,3,11,17
0c10d3b5-56f1-4e3d-8225-f81f56d787f2,ann-31-07-2019,172,5,5,11
f62bf541-c2fd-4b75-904e-91ad7671c61c,ann-31-07-2019,163,0,19,11
e96c2922-1bea-440a-9dcd-88c8a111088b,ann-31-07-2019,168,4,8,13
c668c720-4d9e-4b3f-8444-5d28b666a783,ann-31-07-2019,165,5,9,14
127b422a-5044-4320-bf32-84ca35585092,ann-31-07-2019,168,1,13,11
023641aa-61fa-4ab1-9476-c3b74c4bd70b,ann-31-07-2019,164,2,13,14
5513bfc9-bd2d-4f57-904d-6a124f80d776,ann-31-07-2019,167,1,14,11
3fea0611-e60c-4ba1-bee7-7eccdfba2761,ann-31-07-2019,169,5,6,13
f71027de-ee6e-43ac-b455-8d17cdc889b6,ann-31-07-2019,164,2,17,10
643d789c-db6b-4090-a148-6e684e904de1,ann-31-07-2019,165,6,13,9
d859361a-f3b2-4c8c-9135-baed6bbe8f8e,ann-31-07-2019,171,2,11,9
7d1caece-748a-4ae3-83f7-0c485feaa1e6,ann-31-07-2019,165,1,12,15
417f4640-215c-4336-a917-bbb11bedff9a,ann-31-07-2019,163,4,16,10
6d105c3a-969c-45d8-a2f6-5583de36776b,ann-31-07-2019,156,9,14,14
bff13714-aa38-419a-b511-6a22daf4fd75,ann-31-07-2019,161,4,14,14
011c79e4-fb90-4c33-a7da-9741f9b4857b,ann-31-07-2019,159,11,9,14
9eb0f2e7-7a50-458e-b448-3bbbaa74cc43,ann-31-07-2019,163,5,9,16
8c064ce0-90ed-490f-8f39-115feae1cfc6,ann-31-07-2019,165,6,11,11
b02302be-1296-4e32-ad70-bba65acca683,ann-31-07-2019,161,3,15,14
66382025-2fd5-4097-b753-30b285037f25,ann-31-07-2019,168,3,12,10
e380a8b0-715c-4662-bc90-e0d20861d491,ann-31-07-2019,164,5,11,13
0435bbaa-7a4f-4895-a671-c523dad175c5,ann-31-07-2019,164,4,18,7
94fac019-771e-4a28-bed8-b6e02cc2d935,ann-31-07-2019,158,4,16,15
cea6a7ce-9301-4c9e-b61b-58a900eddeb2,ann-31-07-2019,166,4,10,13
0ed0e20e-0a1e-43e6-a639-c836a1b11e42,ann-31-07-2019,167,3,11,12
165efc46-9a85-4730-a8f5-b0b3e1cc0952,ann-31-07-2019,163,4,16,10
e3816113-ae3e-4d9f-8b64-6b3e62763b63,ann-31-07-2019,168,2,12,11
077ed0bb-9f10-41b9-9bef-5140e344fd5d,ann-31-07-2019,168,5,9,11
6eb3af48-74b2-4d98-b1fd-b3dc677cfb67,ann-31-07-2019,173,4,7,9
f1a23f0c-af10-44cc-a2a4-86178539c4f8,ann-31-07-2019,160,8,13,12
dbbd544f-c6fc-41ec-a0fb-5da1f2ddb7d9,ann-31-07-2019,161,6,16,10
08e1e0bd-c3ef-4972-bca0-ebb882d570b1,ann-31-07-2019,171,4,10,8
33fb7b6f-6f1a-475e-9cab-f4b873ffa854,ann-31-07-2019,167,1,12,13
cdf4667e-1e22-442e-94c0-92d0c788bb5f,ann-31-07-2019,161,6,11,15
9429c2db-b466-46b3-801c-373a3f3264e4,ann-31-07-2019,158,4,14,17
2047ed2f-df5c-4a2a-9f9f-21d1c31089be,ann-31-07-2019,161,7,11,14
3857f2ef-d271-459c-aede-d4e787316137,ann-31-07-2019,162,3,13,15
acfe06f8-0421-4491-b16e-45a9923054d2,ann-31-07-2019,170,1,12,10
b7b19fe3-d3e7-4a2d-a705-216ebaa9547a,ann-31-07-2019,168,2,14,9
307f665d-f0aa-4540-8a07-209d2a5cdbcf,ann-31-07-2019,166,2,13,12
778ba82d-f0b1-4cde-9611-96ba3b1303cd,ann-31-07-2019,176,1,9,7
6cb6f09d-39c5-481e-874c-e4dbc7f74b2e,ann-31-07-2019,168,4,11,10
14d9e2f2-6d55-40d2-bd08-a6861bafe40d,ann-31-07-2019,166,4,9,14
a5cfee7e-f451-49a8-a197-a6d425dacc7c,ann-31-07-2019,156,10,11,16
be71eeda-25b5-4958-8a52-085c7003cf48,ann-31-07-2019,163,3,14,13
cfe373c7-1d4c-4281-9e97-c5945e1787f3,ann-31-07-2019,166,9,6,12
b7ad458e-c0e5-4dfc-b041-959995b07015,ann-31-07-2019,168,2,11,12
140e6be0-a37f-4f3c-8a82-a8b4f8a2501e,ann-31-07-2019,169,3,11,10
b8dcbd2e-ffa6-4997-8344-eaab175e8122,ann-31-07-2019,170,1,11,11
cd9217d3-d2a2-4b96-b22a-5694493bbdc2,ann-31-07-2019,164,4,11,14
890b9b16-749c-4ab9-a648-c49f923b0246,ann-31-07-2019,159,5,17,12
cb3f8408-3f04-4634-91cc-446fd7d6ac82,ann-31-07-2019,166,4,12,11
b80920f9-fd30-4182-b2de-ab3e8b30ee14,ann-31-07-2019,157,4,17,15
5ec62a7f-1ba7-4600-a659-5a1c2996ee91,ann-31-07-2019,161,2,19,11
157055e5-b4cd-4f16-b2bb-caecdbf6f39f,ann-31-07-2019,166,6,13,8
b7806b57-3fc9-45dd-afe2-ca903858f3d9,ann-31-07-2019,169,4,10,10
08e217bf-586e-49df-a07e-828542c3b24b,ann-31-07-2019,163,10,11,9
45066956-47cf-477c-850f-8c5908caf901,ann-31-07-2019,163,9,8,13
d7093c72-f272-4855-8706-953dd05f3100,ann-31-07-2019,167,5,10,11
2ffb62bb-3c0c-47ef-811a-a4d3633c22b3,ann-31-07-2019,166,3,13,11
94b8824d-cfdd-4b61-96a9-e5bf197e2c44,ann-31-07-2019,163,9,7,14
0c9b8806-05fd-4b24-865a-158a7a125849,ann-31-07-2019,168,4,8,13
7ff35af6-0119-4693-9410-9039dd41a9a2,ann-31-07-2019,161,3,13,16
40bdcd8c-ee68-4799-b1f4-a783d9a73464,ann-31-07-2019,169,3,10,11
f8fda0da-1951-46d0-9135-d8aee7df14bb,ann-31-07-2019,158,8,13,14
0759c9dd-5787-486a-b920-ea8bff38507e,ann-31-07-2019,168,7,7,11
125bc620-ae72-4b6f-a592-4bdcdab1cdd4,ann-31-07-2019,164,5,5,19
e6aeb9cc-2df6-4fff-b053-ae8d5d411c2e,ann-31-07-2019,162,1,17,13
60054c14-a5cd-4750-acf0-16044b2ddacc,ann-31-07-2019,166,5,10,12
60886127-441c-4879-bbbd-709e6ba9092f,ann-31-07-2019,167,6,7,13
a96c6ca4-3ae1-44d9-89c9-827d8b97c106,ann-31-07-2019,166,5,12,10
fe097dc6-0632-4089-8cff-92abe4a99059,ann-31-07-2019,158,7,14,14
08e1e28b-edc0-4e55-97b0-e8eb64a95b56,ann-31-07-2019,159,8,11,15
7b725128-96c2-4363-a53b-10b4891a3e9c,ann-31-07-2019,171,5,9,8
6dd6553b-9468-43e0-9bbd-05aec120c371,ann-31-07-2019,170,2,12,9
9c794a97-4222-4b3b-9806-103b9feee33a,ann-31-07-2019,158,7,9,19
7afa653a-6823-4b47-9a60-c0101d1a98c7,ann-31-07-2019,168,8,7,10
9d0ccd90-d2a4-46a1-973a-16a07413246f,ann-31-07-2019,169,1,13,10
c74de96c-01e6-4e08-9ab3-c6d919b274ef,ann-31-07-2019,160,5,10,18
8d0a073d-d633-4d79-8924-6a7355fd8835,ann-31-07-2019,164,3,15,11
9deeaa4c-30e4-472b-80e3-6b285295646a,ann-31-07-2019,162,4,11,16
915f016f-90bc-4026-aea3-f5f58ef3b1b0,ann-31-07-2019,166,5,14,8
7edfe30f-e01f-4c0c-a002-29cae9c2bb73,ann-31-07-2019,169,3,8,13
87229384-d119-47e0-997f-16942402ce7f,ann-31-07-2019,166,3,12,12
44c59cf0-8133-4549-b93c-c14d7d082136,ann-31-07-2019,164,10,8,11
f6466d68-ed21-438b-9416-89017aaed09f,ann-31-07-2019,161,6,13,13
703e4fb4-06a5-44ea-98c1-b55777ebd178,ann-31-07-2019,164,9,10,10
92a75165-0ab9-447f-b97f-7ec5df3a1c69,ann-31-07-2019,167,6,11,9
4f6ea90c-c99c-43ea-ae46-b162ecf53979,ann-31-07-2019,163,8,10,12
1ac4ad21-7710-4159-875d-2d17cd102ea0,ann-31-07-2019,166,6,12,9
fca72941-7b05-4d14-a331-01d0c05ede50,ann-31-07-2019,166,0,13,14
46ba8734-c459-44c9-9f2a-d2e6a5494a0b,ann-31-07-2019,168,3,10,12
5aa3f965-42db-4a09-b49c-4096aa23f858,ann-31-07-2019,161,2,17,13
52663226-5c6e-43b4-ba63-9c3b969629be,ann-31-07-2019,162,2,16,13
e9ac5739-8214-4353-96c7-3422964d8b13,ann-31-07-2019,168,3,9,13
4bc66630-3833-4474-8899-c443614e234b,ann-31-07-2019,166,4,10,13
82f9ed10-e18d-4437-ad7e-3cea04ba8753,ann-31-07-2019,172,4,8,9
6fb43e04-2056-4923-93f5-0f5010bd0bf8,ann-31-07-2019,158,3,16,16
bfb5c0e6-5515-46a5-9181-6b0cccf4a00a,ann-31-07-2019,166,1,10,16
26d7ec94-cb56-4b3e-beb3-807b83823eb0,ann-31-07-2019,161,4,17,11
6c6c186b-435f-4271-90cf-e6dc64e4cfff,ann-31-07-2019,168,3,14,8
15d86808-f3fa-49be-bbac-9154862035b7,ann-31-07-2019,164,9,11,9
e578ccc0-85a5-4624-9e9d-5ebd5bc545d0,ann-31-07-2019,161,10,10,12
cde91942-2c71-422d-b77c-37082b05fcf6,ann-31-07-2019,163,3,10,17
6129e961-46c0-4f0c-bb41-a9bbe30a54de,ann-31-07-2019,165,3,12,13
fdecf29b-7e5f-4eff-92f6-9224c4bdd7ba,ann-31-07-2019,159,6,12,16
7bf04c10-c1ed-426e-8459-5bf8801ae9f4,ann-31-07-2019,164,5,8,16
95c8f21c-dcba-4175-a405-98597ce67ee0,ann-31-07-2019,170,2,12,9
af7340dd-ce48-4dba-a4c2-078d5f8b2362,ann-31-07-2019,171,3,7,12
6b3474f7-3062-4e9a-8590-f50c047a921c,ann-31-07-2019,165,5,11,12
ab2529f8-9714-4a96-8779-4f7c7ace88ef,ann-31-07-2019,162,1,15,15
30021082-e001-452d-a77b-8e2caa7532df,ann-31-07-2019,160,4,16,13
3819a2e4-d7ee-42a2-9b26-a98b30179fab,ann-31-07-2019,169,2,11,11
fbee9ddb-2fe4-43cb-85ed-4aec85ebff31,ann-31-07-2019,169,5,9,10
091a8129-b95b-4132-af7a-bd4e030c44db,ann-31-07-2019,161,6,14,12
8215727d-6ea6-4351-8857-2cacdb899cc3,ann-31-07-2019,172,7,7,7
ccec9bb5-e7b9-499b-9875-d28d6a11a801,ann-31-07-2019,166,6,12,9
c55a3bf0-2960-47f8-aad0-d14d452c7a0a,ann-31-07-2019,165,3,14,11
5acfca9c-9a5b-4cf0-83d1-098d36e6acfd,ann-31-07-2019,164,4,13,12
ee6b3574-8b00-4c05-b909-3be4fb5dda17,ann-31-07-2019,153,7,14,19
b811c29d-5de9-4cd1-987d-63615973f523,ann-31-07-2019,162,5,13,13
f295f7a0-7dff-414b-9e60-ab6d53d0493b,ann-31-07-2019,159,5,17,12
f65a8b12-2270-4e22-83a4-269de92930e9,ann-31-07-2019,160,3,18,12
beb03683-3957-4266-9ae8-db695c54d83a,ann-31-07-2019,168,5,11,9
cec909e2-b9c8-43ea-9916-68a053187fc3,ann-31-07-2019,156,4,18,15
d1f0a729-2681-4c01-bee3-a0bfb10cd50b,ann-31-07-2019,165,2,12,14
818cb13d-a38c-432c-a802-55e34527b5c2,ann-31-07-2019,163,5,9,16
59f0d46b-1268-49c6-a96a-c6bc6d18ad36,ann-31-07-2019,166,5,11,11
781ac063-d7cc-4c53-9eb3-0a6bbd6f01a2,ann-31-07-2019,169,0,13,11
35a37f59-cbf6-4738-87ad-175321fe8c7b,ann-31-07-2019,158,7,13,15
82678c80-57d1-4bb2-9d58-52b08789970d,ann-31-07-2019,168,2,11,12
031844cb-c1a2-4c2b-8a2a-e34c2a15795c,ann-31-07-2019,163,4,14,12
1a1b6909-6cfd-48ef-82c4-5d0a06335d2e,ann-31-07-2019,167,2,13,11
fb9adb66-4981-46ef-8b7c-911cb8f7a98c,ann-31-07-2019,163,9,13,8
79798e56-ef54-499a-8aff-53d84b621b33,ann-31-07-2019,159,5,15,14
cfd462d1-9939-488a-a7e7-09c8aa2ad506,ann-31-07-2019,159,3,17,14
4b0d2c3c-b4d4-45f8-b5df-b21bbcbb6e09,ann-31-07-2019,166,5,12,10
03c1dec6-a1a0-4acd-9ee9-37e812300499,ann-31-07-2019,170,1,10,12
806f193a-26ee-4f25-a441-893e08d735ed,ann-31-07-2019,164,10,11,8
b4d415af-56e7-46e7-901c-80046e72c0b1,ann-31-07-2019,162,8,9,14
31c9098b-b7be-4959-843f-0029c5842d4d,ann-31-07-2019,162,7,12,12
ac4c9c6e-7ef7-4e79-8411-f19213162353,ann-31-07-2019,165,7,7,14
98cdb1cc-b91c-48cf-9b80-601e0cb1ef03,ann-31-07-2019,163,10,11,9
a376aac9-b8bc-449c-81ea-bd855a8e18df,ann-31-07-2019,161,8,8,16
e294fb58-c211-4c5b-9540-bf4ba6aa75d8,ann-31-07-2019,163,6,12,12
bdbfa2ff-60b1-4060-a334-f60afb89ae72,ann-31-07-2019,168,2,13,10
9e259b88-0574-40d8-9d88-2ecdde544c18,ann-31-07-2019,165,3,11,14
a4c77eac-247d-44df-b812-9e5948db83e2,ann-31-07-2019,165,2,16,10
bd90a00f-127d-44ad-86b5-1116eef90090,ann-31-07-2019,158,6,16,13
131bf448-8413-4ab3-b793-61bb68cc0f51,ann-31-07-2019,167,1,12,13
e8edae97-fe5c-405f-a45b-eca508c648f3,ann-31-07-2019,168,2,14,9
b8b1384d-67f4-4c61-80df-a0205ea7499c,ann-31-07-2019,160,4,12,17
e278d397-5002-44e5-b534-ed1ed328e197,ann-31-07-2019,162,5,13,13
4daf6a47-98fe-4fe3-bad2-a67165bafd8b,ann-31-07-2019,172,1,9,11
77d3bc90-e770-4967-8b97-d70a3fbfda6f,ann-31-07-2019,161,4,8,20
cf096700-fc48-4099-98a9-801ebf60b280,ann-31-07-2019,163,6,11,13
13c70a67-9571-415a-8f82-3d72153eaed1,ann-31-07-2019,164,4,11,14
b4035947-e8b3-4655-9a12-35379c97c419,ann-31-07-2019,168,3,10,12
0fb7601c-a876-4169-87e9-23e862798c5c,ann-31-07-2019,169,3,13,8
7edb3a42-6b96-4d26-beee-6609e952271e,ann-31-07-2019,162,5,15,11
bb8267d4-d013-4178-8217-bd5b323e23e8,ann-31-07-2019,163,2,19,9
60272f5a-4537-4d17-91d2-c9eed731136a,ann-31-07-2019,166,1,12,14
a2af8af5-8b03-4041-a375-e32b364f14bc,ann-31-07-2019,164,8,10,11
574393ea-5a45-4168-b495-2d0f95181fce,ann-31-07-2019,161,8,11,13
2324ebed-4b15-478f-94dd-2092cea17e54,ann-31-07-2019,162,8,13,10
f9ea8d51-ea42-4ef4-832c-fa4b3929bd7c,ann-31-07-2019,163,4,13,13
02fec9a4-3d5a-4f5e-8b59-d6812a1a4b10,ann-31-07-2019,159,8,11,15
e6924a4c-51d6-4baf-bbb6-0f4fb23d2218,ann-31-07-2019,166,5,11,11
cf0ba91a-a222-4555-88ba-9cdf7954e13a,ann-31-07-2019,169,2,8,14
9ebf67a7-04a1-40c0-8537-cf7919bcccf2,ann-31-07-2019,162,6,10,15
977c91aa-5fba-4561-a5d7-8387001917a1,ann-31-07-2019,164,2,16,11
d153d4a5-849b-42c6-ae45-548f6031fd6b,ann-31-07-2019,168,4,10,11
b51c4bd0-38be-4f54-965a-36b16709f56e,ann-31-07-2019,162,2,17,12
7dc14d20-0015-4a32-9943-ff56ebcbb7a5,ann-31-07-2019,158,0,16,19
039c7c96-4ac6-40ff-bc0c-b84a0e10a907,ann-31-07-2019,158,5,16,14
48075895-bea6-4f9d-8704-e2daee6d5677,ann-31-07-2019,158,6,14,15
c61581bb-97e3-4af7-a700-8060f6255e6b,ann-31-07-2019,157,3,20,13
95997aff-990d-41f6-b579-826eb2c91339,ann-31-07-2019,166,2,11,14
d96cab47-68dd-42f6-8e87-b4742efff2b2,ann-31-07-2019,162,5,13,13
cc8856fe-3f84-42b5-9115-62101e71d122,ann-31-07-2019,163,5,12,13
191036cd-82fe-4c18-ad40-ef1740d73b67,ann-31-07-2019,156,9,11,17
64227cac-5bda-4d4b-934d-67456c7604b3,ann-31-07-2019,165,1,17,10
98ed943f-3167-41c6-90e1-9edf36b92d2e,ann-31-07-2019,170,4,8,11
ca6fe187-d3ff-4291-9299-e015c19c070d,ann-31-07-2019,161,7,15,10
8dd27358-13ac-41df-bfc3-cf1064436f29,ann-31-07-2019,164,6,14,9
25abd5a3-6b71-4937-bac8-bec207dc0304,ann-31-07-2019,170,4,11,8
6f351490-5f16-4863-a5a9-6006735d705c,ann-31-07-2019,165,4,17,7
7d499e8f-5add-4b0b-98de-f04af0d90fc1,ann-31-07-2019,169,2,12,10
1328153a-fefb-4d92-a108-34e12a0f24c7,ann-31-07-2019,163,7,10,13
563eb7b2-afb3-484c-ba63-0c473c9c5ac4,ann-31-07-2019,166,5,9,13
fb65ca68-8980-4180-94fc-5eeadf1f0d5e,ann-31-07-2019,164,7,7,15
51639e35-8577-4625-9d96-5f1b5ce41a90,ann-31-07-2019,168,3,9,13
14ff3c74-ad50-4cd1-a8cf-f4d7d0b8b7f9,ann-31-07-2019,168,4,9,12
5e25d1ca-2c42-45cc-b8a9-fa79adf26ece,ann-31-07-2019,166,4,13,10
26e8d38e-763b-4bf6-bcd3-bb599775fca1,ann-31-07-2019,171,4,11,7
44737b39-894c-48d4-a239-2b4104f2009c,ann-31-07-2019,164,6,12,11
977d4b42-eb56-4960-9042-46b9508fb4a1,ann-31-07-2019,162,4,17,10
7cb59e48-6963-4efd-985b-7dfc9d05da9a,ann-31-07-2019,159,7,12,15
c0242937-ee10-400a-a702-f466a1bd81b5,ann-31-07-2019,166,5,11,11
08c4fc35-7c94-43e7-94ee-7d7e5de0749d,ann-31-07-2019,160,5,17,11
d9b8355d-9a09-4487-bf0a-992724bd841c,ann-31-07-2019,168,6,6,13
88fbfb90-ac93-438a-a151-2bda41356ec3,ann-31-07-2019,163,2,13,15
5f8617ed-a3d5-408d-9d6c-220b3e179381,ann-31-07-2019,165,6,11,11
04e37b11-75cc-40a0-b27b-39b1bdca45d4,ann-31-07-2019,168,4,9,12
1a462a03-a45b-4a6c-a5a7-795428047fac,ann-31-07-2019,170,2,11,10
abae2bb0-1add-4f38-a147-76915406ebbc,ann-31-07-2019,156,10,10,17
0f1b67c9-9772-4f7e-a46a-f93a69d3f4d5,ann-31-07-2019,169,3,10,11
2445baaa-cdd9-4783-b2fa-117a5787f635,ann-31-07-2019,162,7,9,15
f0549543-c621-4ccd-b6ed-032b0df4bd41,ann-31-07-2019,162,5,16,10
15a99725-3141-47f1-a778-c3d6edf1b551,ann-31-07-2019,172,1,12,8
bce4bfbd-7d1a-4c24-bd3c-92a06fc960c3,ann-31-07-2019,161,2,18,12
e0d721e5-3153-40f3-9f31-2a0b47edf139,ann-31-07-2019,167,5,6,15
5e505d54-4cb4-4fd5-89e3-7c4f03aa1070,ann-31-07-2019,158,2,17,16
cf9fd7a7-51a7-45a8-8d7b-4cd4a15acdc1,ann-31-07-2019,164,8,11,10
72c08577-f4ba-46a0-a329-34700bad5728,ann-31-07-2019,163,5,15,10
1fdbb4e6-5c70-40d5-9dbd-ef8de494a880,ann-31-07-2019,162,8,13,10
6eb31445-530e-4515-8a18-526927eead26,ann-31-07-2019,165,4,12,12
e30f2e08-1aff-4c00-bb9f-851cee017b16,ann-31-07-2019,169,2,13,9
033d9da9-f141-4dc8-a46c-7cfe109fbe7b,ann-31-07-2019,160,5,15,13
1375e570-0ce5-437d-ac7e-4d4d57340688,ann-31-07-2019,161,10,11,11
8dc33e30-0948-48cb-99af-fd21479f210c,ann-31-07-2019,167,6,14,6
351a9e20-167d-4734-84a7-910bdbc0b618,ann-31-07-2019,160,1,18,14
9cd40d30-b4f4-42a2-b157-3e5bb68044d0,ann-31-07-2019,166,3,15,9
70e2a445-da13-4a7e-954c-b266fa03301f,ann-31-07-2019,168,7,6,12
b19878c1-1089-4613-84aa-c3e8ce42f146,ann-31-07-2019,166,6,16,5
a6cc158d-cbf0-4e59-921a-27b4a8e104cc,ann-31-07-2019,164,7,12,10
360bc249-3d38-4d95-8ce2-83cbabf866f8,ann-31-07-2019,161,0,17,15
a8aff1a3-7d08-43f1-b007-4787812c0fef,ann-31-07-2019,164,2,11,16
1c99ce4e-16a6-4d17-8c95-4219cfc86dc1,ann-31-07-2019,168,5,10,10
e5240e23-6147-4681-8fd6-1f38b09683e5,ann-31-07-2019,174,3,7,9
722ad0a8-3e98-4e4c-b9f3-7c0e35e40876,ann-31-07-2019,161,2,14,16
d267f40c-a916-4607-8ef8-a235a55152e0,ann-31-07-2019,161,6,12,14
13d7859b-9e99-4d08-84b5-0a75b83d725d,ann-31-07-2019,161,3,17,12
e221efc9-9c76-4f8e-ba6b-5faf5112815c,ann-31-07-2019,163,4,14,12
10c17c3c-75ad-420a-b681-579d39fa5603,ann-31-07-2019,170,5,10,8
55060648-8306-4461-a8bc-4a8bc2723d3e,ann-31-07-2019,160,8,11,14
93b5b03e-ad34-42bd-aaaa-8ee1c439708d,ann-31-07-2019,167,4,12,10
e0814bb0-ab9c-4967-8474-7165410bc610,ann-31-07-2019,165,2,15,11
e3e55db9-4600-4c38-9eb8-e31efbd2329b,ann-31-07-2019,160,5,13,15
a787af33-e6a8-4c4c-ab40-dc5ccf894d52,ann-31-07-2019,159,7,13,14
c9accd48-3d84-4668-a3ae-29bb88046c3b,ann-31-07-2019,168,6,9,10
12522277-8aef-45e5-8f2f-f698e83b87cb,ann-31-07-2019,163,4,13,13
0f6d6b05-5548-49a1-9089-d321cad4cee8,ann-31-07-2019,163,2,17,11
86fb8cb1-d6f0-459c-a593-b5c51faed4e6,ann-31-07-2019,165,2,10,16
ccd8541c-16ac-4b00-8660-98402bbeecda,ann-31-07-2019,163,5,13,12
8e05dfc2-4b24-4fc4-9477-24a3b92ea756,ann-31-07-2019,165,7,10,11
08542159-d6b3-4d5a-b589-0f03275e363d,ann-31-07-2019,169,3,13,8
e3245085-cf9a-4b82-9f83-d9c42298cb3e,ann-31-07-2019,170,3,9,11
8b85fc5d-f583-4b6c-8441-13b024a64cfe,ann-31-07-2019,161,5,11,16
723b4de7-8f9a-4d3d-b898-1052d7a3eaac,ann-31-07-2019,172,0,12,9
e7a8cee6-af1a-4deb-97b9-1fd929165267,ann-31-07-2019,163,5,13,12
4d10f1ea-496c-4575-9112-a44a6ba00dd6,ann-31-07-2019,167,5,10,11
f89cd89c-c21a-44e7-903a-6aaf854f8259,ann-31-07-2019,163,7,11,12
ca25fa20-a33e-45dc-afe9-1570149d3428,ann-31-07-2019,169,3,10,11
eb1a00d6-6c99-4e5f-befe-7eac5dca7843,ann-31-07-2019,168,1,9,15
2e1cd625-b4a8-4ada-8775-d2b1e7a68cee,ann-31-07-2019,166,3,12,12
6e3a6a14-f926-440e-8a83-03e3f2dfc77a,ann-31-07-2019,155,4,20,14
4c07fe65-df07-4648-b6d0-b7ba9dfb7774,ann-31-07-2019,166,6,9,12
b5c83d9a-c450-46de-b7ba-8d77c1601de5,ann-31-07-2019,166,4,11,12
d41b0a55-326e-4bcd-abe8-600d5f984fe0,ann-31-07-2019,165,5,13,10
ea368c56-9d5e-4c71-9c0b-dd2d8167de29,ann-31-07-2019,166,1,15,11
3a9ce84d-e5be-4366-aea8-05cfb9da2d2f,ann-31-07-2019,165,1,11,16
faacc021-e513-4c9c-bc20-c8f67ea9fa5a,ann-31-07-2019,166,6,11,10
552c9953-1765-466f-92c0-4acb8f6612aa,ann-31-07-2019,161,5,17,10
e0d332c8-27ba-4820-b616-e5c1dd06df64,ann-31-07-2019,168,6,9,10
1ea56a23-5331-42ae-a40f-4cf34eb5742b,ann-31-07-2019,172,3,10,8
c67dc3b8-86fb-4c68-b630-bbb421d7feda,ann-31-07-2019,164,5,16,8
5f2f905b-bd40-473c-b994-6a3a731e8573,ann-31-07-2019,162,6,11,14
d8959d3f-83d8-499b-9367-f6242187b963,ann-31-07-2019,173,4,6,10
8d96ca21-bc80-4bc6-b2d0-af54f4af94d1,ann-31-07-2019,168,5,10,10
cd572628-4412-461c-ba35-c49cb6650e16,ann-31-07-2019,164,4,18,7
ba7a27d9-3b40-4dd5-b077-a9df09ccba55,ann-31-07-2019,162,2,18,11
98c52621-87d4-4a5c-b907-335a73d97265,ann-31-07-2019,162,5,12,14
9ef2a222-c708-4da4-ae66-c46a0427e50d,ann-31-07-2019,164,5,11,13
721d407e-3336-434b-bd57-e65bc4545262,ann-31-07-2019,171,5,7,10
86fd8582-f8f1-46df-ad2d-89035fc5fa5f,ann-31-07-2019,158,6,15,14
059bdf71-1e59-447e-a461-569f81c465b6,ann-31-07-2019,160,10,13,10
8adb98bf-083c-4c67-a394-332956d663c1,ann-31-07-2019,165,5,11,12
1dfd0ab9-97a4-431b-bade-1d80a5ba3588,ann-31-07-2019,163,5,12,13
a9938252-07d8-4f44-a29b-ba6a903e8eed,ann-31-07-2019,164,1,14,14
ecb5f9eb-f911-44a9-987a-ffc4bd8af61d,ann-31-07-2019,160,1,16,16
55bfdefa-6ab1-463e-8a09-86be43d87eb3,ann-31-07-2019,167,9,9,8
58615e81-ebac-4609-b38c-6fe4af56443f,ann-31-07-2019,160,5,10,18
06fb9aca-1a2f-421e-a916-7c3dad853cc9,ann-31-07-2019,164,2,16,11
073ea291-3679-40c1-ac55-f039f0a971e9,ann-31-07-2019,170,3,3,17
5e73ae51-c634-4bc6-a70a-dcc6e74d3300,ann-31-07-2019,169,4,10,10
2886df84-9d85-4ead-a6a9-2243ed410de0,ann-31-07-2019,165,5,14,9
e37d4e78-8110-476f-9ab0-1fa04a35d87b,ann-31-07-2019,164,2,15,12
36408d46-812b-406c-8293-8a1ea89ba6cb,ann-31-07-2019,168,4,10,11
48632420-609a-4086-a375-8059e996dc5e,ann-31-07-2019,172,3,11,7
7162ab35-1163-4e14-9d6c-e214afc8abf9,ann-31-07-2019,171,4,10,8
d8c42509-b534-41a9-babf-96a62acbedd0,ann-31-07-2019,159,4,12,18
d4cedbf6-d1cb-4119-94d3-237a3cd7a3d3,ann-31-07-2019,166,4,7,16
473ee359-5cce-4e2b-8700-009ccb51266f,ann-31-07-2019,164,4,16,9
aa83e65b-f060-422c-adcd-f6253fd00371,ann-31-07-2019,165,4,9,15
ec7ed5e3-dfbc-45b4-8619-4200b3065abf,ann-31-07-2019,167,2,8,16
c415f222-1465-4d55-8f06-aa133ce075b2,ann-31-07-2019,157,4,17,15
57ba45d6-da8d-4527-96de-c583fa9d6fe2,ann-31-07-2019,165,2,13,13
66754026-b6f3-4192-807b-dfd42d08530a,ann-31-07-2019,163,4,15,11
c7051ad1-6636-48e2-990a-6f04ebd9010d,ann-31-07-2019,163,3,16,11
01df979a-c197-4202-a124-431cbcd95bfd,ann-31-07-2019,167,6,9,11
74a3e2eb-b87a-4162-8f67-27a046255228,ann-31-07-2019,159,4,20,10
1eed458f-3007-4789-9a9f-cac97e5cb4e1,ann-31-07-2019,168,3,9,13
16755f7d-1dfb-467b-9b52-d539f8b54a7e,ann-31-07-2019,167,0,13,13
c58317fe-ece1-4fee-bca4-bb5367665bff,ann-31-07-2019,163,7,15,8
c59e608d-ef00-46e5-a89e-2ab3520c42af,ann-31-07-2019,167,5,11,10
a0918722-8b76-459d-b90a-84df582ceb15,ann-31-07-2019,162,7,13,11
d85c0aa6-f144-441d-a9db-bf16bc1e2ee8,ann-31-07-2019,165,6,8,14
20cddc96-ba6a-4073-adfd-19fe2603895e,ann-31-07-2019,166,4,10,13
f8fcebd3-2312-435d-9624-efae0dd61a7f,ann-31-07-2019,168,4,11,10
9f7a6de4-d988-40f6-8510-c6e0b1e76afe,ann-31-07-2019,166,5,11,11
8d1caabd-611e-4960-beed-15cb241e23c2,ann-31-07-2019,165,5,13,10
6105caa7-0339-4742-8a30-cf5fc4baf479,ann-31-07-2019,168,1,10,14
83704285-f2c4-482f-a5d2-5dded3732468,ann-31-07-2019,172,2,9,10
4b60b027-9db1-455e-ac89-737b40ba129a,ann-31-07-2019,160,1,20,12
66f65769-d8f6-4b48-a665-7dca3693f1ab,ann-31-07-2019,165,1,18,9
e9e0250e-9b26-4c87-8018-5145302a6ae0,ann-31-07-2019,164,7,6,16
ceaa0951-e9bc-4ffc-9b97-da425d72e11c,ann-31-07-2019,164,5,12,12
655810de-78d0-4aaf-b15d-25bf1931eddd,ann-31-07-2019,163,6,13,11
b7c85cd5-3600-4cec-8355-2487fa333252,ann-31-07-2019,161,3,15,14
83afcc5a-dcf4-4529-a342-a02be038115c,ann-31-07-2019,161,5,16,11
6e43cc1e-ceb8-4960-9ddc-d53d67bb640c,ann-31-07-2019,167,3,11,12
7e70be5b-6c37-4ed6-a9b1-0636bee84458,ann-31-07-2019,160,3,12,18
cbb636da-fdbc-4933-8fea-bf7b13ca88c8,ann-31-07-2019,164,6,14,9
3c54c4b8-4661-402f-9f71-be788f0386a2,ann-31-07-2019,162,11,10,10
3c74af5a-f810-41b0-9d52-99cb18db28c5,ann-31-07-2019,165,3,13,12
e95cbb5d-d22e-47b7-8c9c-a234b58c5019,ann-31-07-2019,168,3,10,12
3e6c8da0-b060-451b-8e2d-078f678b1613,ann-31-07-2019,162,4,19,8
7e8b9908-bbe9-47ea-83d1-a5f52d966836,ann-31-07-2019,165,8,8,12
aebe8b3c-9f18-4544-a5cb-98ee915931f3,ann-31-07-2019,154,6,22,11
b740d57f-2a54-4d41-bea8-ed5b0191ad17,ann-31-07-2019,168,1,14,10
a8334e19-0bc6-4cfd-88d7-e89771836f6e,ann-31-07-2019,164,9,8,12
cba55d5b-4c72-443d-ba8e-47188d654f32,ann-31-07-2019,164,3,15,11
030df62f-45b1-46b3-a89c-edcf584e0b87,ann-31-07-2019,170,2,13,8
2a4182be-ddb9-4ec1-8d22-1063ecffbe1b,ann-31-07-2019,160,4,13,16
25888670-cd47-4be4-a6eb-7ffcc81bc70b,ann-31-07-2019,172,2,10,9
6c620e71-babd-4109-9bce-d40b7e1a2b56,ann-31-07-2019,165,9,5,14
bd2b313d-9be3-423f-bb9e-e4b9d47b1421,ann-31-07-2019,161,2,15,15
120fcc60-bfd9-45ae-a200-677832d755f1,ann-31-07-2019,167,4,15,7
50826b5e-1bef-4718-8603-d46e1ea6dfed,ann-31-07-2019,164,3,17,9
bcff70ed-79fd-4d51-b459-80dc477649d5,ann-31-07-2019,170,4,8,11
5e816d31-4d8d-4000-bbb8-138caaf2981f,ann-31-07-2019,169,5,11,8
f52035c3-5af3-44d9-bed2-9a196dfe010b,ann-31-07-2019,166,1,12,14
b2cf4001-1798-4578-b877-61f43ff9c76a,ann-31-07-2019,165,3,14,11
8544b111-7098-4c01-a036-558c78548d87,ann-31-07-2019,161,6,14,12
6ee2ffd6-9e33-466a-8402-b9227e2ed6d6,ann-31-07-2019,164,4,8,17
72af7616-0e83-444d-ad32-2ab2503a72af,ann-31-07-2019,156,1,17,19
910e7dc0-2a2c-40e4-9707-3d43acc79b1c,ann-31-07-2019,170,2,11,10
28c18646-9ff7-4626-9291-c13800d9368a,ann-31-07-2019,166,4,9,14
b6100b1f-6eed-4bd6-84f3-cff9675111bf,ann-31-07-2019,170,5,9,9
259c28cc-c07b-4c3a-b689-9ba42c25dd98,ann-31-07-2019,164,5,12,12
df316c7d-f17d-4e9a-8de9-a74a6f729483,ann-31-07-2019,167,8,11,7
908cd1d4-3c85-4f6d-a444-3fcba67eea72,ann-31-07-2019,167,2,14,10
4e9303b9-420f-4d9d-b5b4-f5fda6aab9a5,ann-31-07-2019,164,4,14,11
29c25802-3714-492a-ba27-e23ce5fb0e1d,ann-31-07-2019,165,7,10,11
17f2d91e-b7cc-4bfe-996a-609ec56dee95,ann-31-07-2019,162,1,16,14
ed6e4c81-e7e0-4f5d-ad19-b4d3d5b3a0b7,ann-31-07-2019,166,0,12,15
411d4448-643d-4943-849d-915e0e217f52,ann-31-07-2019,159,6,12,16
80aa6d36-25bd-4eae-9cde-be439e64c41c,ann-31-07-2019,163,3,13,14
decca9f1-a302-426f-ada7-3db8dfd94fbc,ann-31-07-2019,162,6,13,12
0970402b-0c90-48da-ab61-33dc17823171,ann-31-07-2019,163,6,12,12
0e7a222f-735e-4c1b-9ca4-fad2a7ebfa8c,ann-31-07-2019,160,3,18,12
3d54c24c-f8c2-45f9-85a5-8ad752050b75,ann-31-07-2019,161,3,16,13
4044c139-dc2c-47c3-95f4-8da7762e29aa,ann-31-07-2019,163,6,9,15
1fbf4ef5-e48b-471c-a499-4f8861fd22c4,ann-31-07-2019,165,3,14,11
f7f16af4-4ed8-41d0-964d-f39d870a6b6a,ann-31-07-2019,168,5,10,10
dccbf0cb-f4c8-4bd8-9e4c-2e6cfde97950,ann-31-07-2019,163,1,16,13
1b5ea3da-db47-4fae-8084-35aa22c405ec,ann-31-07-2019,166,3,15,9
f59ecdc5-e8e9-4ceb-aec9-93e4a583dbd7,ann-31-07-2019,167,5,10,11
40a8e2c8-7ce5-487b-9f04-dfc399fa25f2,ann-31-07-2019,167,5,7,14
6e4de01f-7c00-475a-8bda-8cf183dd44f9,ann-31-07-2019,170,5,8,10
db312ee3-7355-4ad9-8f0e-cfc1b016e9c7,ann-31-07-2019,165,4,12,12
6bc23660-6d18-4d74-86b1-474207bcd513,ann-31-07-2019,168,6,5,14
6b10a44d-fb69-4e09-80a2-9eb3c838296a,ann-31-07-2019,161,2,19,11
fd81e7c2-3f5e-438e-aa91-d33b9b675ef8,ann-31-07-2019,166,5,8,14
cfebc4f3-5952-4eb6-9c87-cc530504c347,ann-31-07-2019,159,2,17,15
b873c3ab-393a-48cc-957b-dde05404ae0c,ann-31-07-2019,163,4,12,14
17a81b4d-fc5b-4f5f-b463-78f8f8b73e88,ann-31-07-2019,165,3,16,9
36998fa2-a912-42c9-9d52-7e6621c4ea79,ann-31-07-2019,169,5,10,9
54f58dc6-e4df-4c99-8838-bae8148929ae,ann-31-07-2019,163,2,13,15
6293ed1c-b311-4a5e-b7b9-6883a867bf50,ann-31-07-2019,164,5,11,13
3f78086e-01c5-4ce0-87bc-62b24a25fad2,ann-31-07-2019,167,4,11,11
630147c1-f7c6-45f7-bdee-285c115e98cf,ann-31-07-2019,162,4,12,15
7a8c3ac6-f6f0-4548-afa1-7f199e222cf0,ann-31-07-2019,172,3,9,9
96497786-c02e-4b01-a9dc-26f15ca2ec3f,ann-31-07-2019,165,6,9,13
87e1690f-e4a4-4b77-9262-9873400dc2eb,ann-31-07-2019,169,6,8,10
95e02ff7-b4c9-4609-8f1a-57250dee0747,ann-31-07-2019,166,4,12,11
67370bb3-c7b0-4a82-a9ac-46e0c9565572,ann-31-07-2019,164,3,14,12
8ba75895-f4b4-4ab9-94e6-2372c56550d1,ann-31-07-2019,166,2,13,12
b25f8fff-8af1-4769-8399-a426300daeda,ann-31-07-2019,167,3,8,15
81d5ea69-37f9-40ba-ab78-76974b3aba7f,ann-31-07-2019,156,6,17,14
b33b6747-a41f-4967-b3c8-12875dd1019a,ann-31-07-2019,173,6,10,4
66c3eff2-77d2-4321-8f76-f80658092b4f,ann-31-07-2019,162,7,13,11
2e84cf5c-bb58-4736-a04c-93a397035b81,ann-31-07-2019,167,5,14,7
078a1865-8969-47fa-ace0-c6fc3f51e6c7,ann-31-07-2019,163,3,13,14
d88cbe6b-302a-4291-bf41-02836f5f2ea3,ann-31-07-2019,162,7,13,11
f6e9ee63-22f4-4c9b-853a-3f256c9358d8,ann-31-07-2019,163,6,10,14
02a95d63-f8f2-4d66-bc1f-c83d28962685,ann-31-07-2019,160,3,14,16
76c454c6-6c03-41b4-9744-d5b4e5a17e70,ann-31-07-2019,167,3,12,11
427f9155-de04-43cb-a526-3cceecc06eea,ann-31-07-2019,165,7,12,9
6bdd3d4b-9727-444f-8153-cba7444592d6,ann-31-07-2019,162,4,15,12
4aeeea5d-5d3b-482b-a46d-f64b67710058,ann-31-07-2019,164,7,12,10
28552ff4-8f3e-4b79-93d9-6222acec5cab,ann-31-07-2019,171,2,10,10
e8a80c97-8ede-4dee-9106-3dbebd7a60eb,ann-31-07-2019,168,4,12,9
88ad092d-4722-4e24-a590-1fadd912360e,ann-31-07-2019,167,4,14,8
b01797e3-aa13-4591-b28d-ba42df8eb456,ann-31-07-2019,163,2,14,14
48d2676b-9955-4d4b-b816-78ab7570a058,ann-31-07-2019,167,3,14,9
f8cac65a-55f6-46d6-9159-37e96b7efa47,ann-31-07-2019,166,7,5,15
b00bf9bf-7164-4e0f-9a18-0bca3a09033c,ann-31-07-2019,163,5,10,15
dd335358-83fd-4bbc-9feb-562735f59812,ann-31-07-2019,159,4,17,13
72d606cd-ebab-447b-875a-0954578d69d5,ann-31-07-2019,165,5,12,11
7bd5817d-6d88-4e6f-a026-c5861ed9e78f,ann-31-07-2019,162,9,8,14
c3d46bb0-cc4d-4213-89c2-63c3fd154512,ann-31-07-2019,170,5,8,10
2c9aa89b-f6ca-482d-969d-0ff903a09a97,ann-31-07-2019,175,2,6,10
30879510-1d4a-4168-a51f-86a10325e598,ann-31-07-2019,168,2,13,10
80b302b4-8781-4733-b639-e55a572c37c3,ann-31-07-2019,168,4,10,11
b8a49776-68b7-4da5-a032-8d3018fc3822,ann-31-07-2019,162,5,13,13
08e7357d-7117-42e2-bfe7-85554dc23025,ann-31-07-2019,170,7,5,11
64d3c2db-f4ef-4f03-8360-0169bb2759e6,ann-31-07-2019,161,2,16,14
788a161a-133a-4c8e-af8b-fe90aae750c1,ann-31-07-2019,166,6,11,10
7cb15131-0e26-428d-b3ce-1c3dc7871cab,ann-31-07-2019,169,2,11,11
dc985b7b-e72e-4275-9ac6-85f51ce50f10,ann-31-07-2019,172,7,7,7
c07769b6-3d6e-4bf5-85d5-9547768338e5,ann-31-07-2019,168,6,11,8
642dbb0c-4d68-4630-9169-af9e46938d29,ann-31-07-2019,169,6,8,10
2a6f5b94-1346-48e5-86a2-1894e255d649,ann-31-07-2019,169,6,10,8
09597aeb-7bc0-4996-945d-0682e347ad7d,ann-31-07-2019,160,6,11,16
29feb069-1b30-407b-9020-11a24d036d6b,ann-31-07-2019,164,6,15,8
5d48696f-8482-4741-8ce0-ff7bac1307e2,ann-31-07-2019,164,5,12,12
2846ad14-12b6-4651-9e11-62aa1f01d397,ann-31-07-2019,166,2,14,11
e1bcaaba-1649-47ec-ae12-3bff0de07452,ann-31-07-2019,164,8,11,10
45fea893-2b7f-4f43-ba63-fb49d2f0f88a,ann-31-07-2019,167,1,14,11
8ca35871-a17b-4a1a-b899-92674631269f,ann-31-07-2019,165,4,13,11
2a134f46-37f8-40f9-99b9-e77d1343e08e,ann-31-07-2019,165,3,12,13
63a05e10-0034-46c2-9fd4-60e7f9ff3de7,ann-31-07-2019,166,2,16,9
03a80b7f-e568-4368-9ba8-4afb40f11500,ann-31-07-2019,169,3,11,10
3818cd33-faeb-43d9-98c8-2712e2e5056a,ann-31-07-2019,156,3,16,18
7eec5b23-6fad-4d85-9ea6-9ffa5ca1f946,ann-31-07-2019,162,6,15,10
4dfe06fe-a0e2-4012-8576-831d103d9396,ann-31-07-2019,169,6,8,10
6789eecd-a2e4-48c8-ab8a-4164d64679df,ann-31-07-2019,160,6,17,10
42475bb6-2a09-4e07-bf3e-0149b091ab3f,ann-31-07-2019,160,6,15,12
8532962d-d5a8-468b-925a-b5946658fcbb,ann-31-07-2019,164,3,13,13
184ac7ca-50ac-4868-bc99-3d2b1a7167b1,ann-31-07-2019,170,3,8,12
dd63a687-b1f4-41f7-add8-330b840b2b09,ann-31-07-2019,159,7,13,14
428da9dd-647c-4a52-b670-745657d4acf8,ann-31-07-2019,160,1,15,17
1b0ea496-968c-442a-959f-efa77016ddb0,ann-31-07-2019,161,5,15,12
6bd57acd-1539-42c8-a2ca-9fde8b38cf3d,ann-31-07-2019,167,1,14,11
43f9e2e5-b94f-49c4-a169-9f00fa287255,ann-31-07-2019,173,1,12,7
7720ec50-4388-415b-ab11-f9d93087afd4,ann-31-07-2019,172,9,7,5
c640af9b-c3f7-4258-ae24-35761fb453cd,ann-31-07-2019,162,8,10,13
71660143-e4e4-4a5b-baa2-228c0ea54423,ann-31-07-2019,164,3,12,14
a8d63402-9a9b-4948-876a-e97e6020783c,ann-31-07-2019,167,0,15,11
744d5ba0-33b9-4a1d-8944-2f7aee1a8929,ann-31-07-2019,162,9,9,13
efe18311-5341-44f9-b41f-1e26852ed0a9,ann-31-07-2019,162,6,12,13
d22dd596-6944-4118-912f-5e99cb4965bc,ann-31-07-2019,163,5,9,16
a6cc9150-d076-417c-8231-f79ffbf1de06,ann-31-07-2019,161,3,13,16
07f24041-d1e4-492d-95f6-ff53180ee40c,ann-31-07-2019,168,3,8,14
15fe2100-18e9-44f3-9d2a-e1f8be45f35b,ann-31-07-2019,167,1,13,12
c1623e12-e60d-4aba-897e-b2ce5151fc6a,ann-31-07-2019,162,5,11,15
cdfb9be6-e192-4d36-8c21-990f1963f4cc,ann-31-07-2019,170,4,5,14
791f7e43-1d64-483f-b94c-a76a93b17fd7,ann-31-07-2019,164,7,11,11
6d8a85ad-406f-4755-bc8d-aa269eab86fb,ann-31-07-2019,163,5,12,13
3b9ba77a-9543-40c1-974f-967919c779bf,ann-31-07-2019,162,3,15,13
b24bfe8c-e68a-40af-945e-b3461abea8df,ann-31-07-2019,163,8,12,10
61e25bf9-f8de-4e3c-801f-a7297719003f,ann-31-07-2019,164,5,12,12
053c0ecb-311f-49c9-ade9-7f79daa30aff,ann-31-07-2019,165,6,6,16
6771d4c7-c223-4779-bbae-aaea10cefabc,ann-31-07-2019,163,6,10,14
12ca7c8a-a724-4831-9b0a-ebcdf14060a9,ann-31-07-2019,164,5,14,10
74e6d8ef-c181-494f-b87a-5acaf1208ad3,ann-31-07-2019,159,8,13,13
7831fd29-ef05-429d-9e74-214700a2f5bb,ann-31-07-2019,162,5,10,16
f63190dc-ff79-41ff-8ace-b11439782a03,ann-31-07-2019,163,3,11,16
f7f4a766-2dcc-4944-b7b5-5dc518e70ecf,ann-31-07-2019,162,4,14,13
db9664ab-5fec-4bea-ad14-a518824c122b,ann-31-07-2019,163,3,12,15
7dac82bb-b30d-4f83-8e2e-1c6c726f6474,ann-31-07-2019,169,2,10,12
d17d2e80-7f23-49f0-8715-b64e64d53125,ann-31-07-2019,163,4,12,14
7b0eb9be-99b5-4229-b68d-4de246f76507,ann-31-07-2019,159,5,16,13
56609c04-7378-4977-9f8f-7add8fa54cec,ann-31-07-2019,161,3,13,16
758816fa-9a2a-4d65-a1b0-20c9e6494cf0,ann-31-07-2019,160,3,14,16
c7db3882-35a5-46a9-8f22-d86a2efe750f,ann-31-07-2019,161,5,10,17
c01fca5c-69fd-4e26-931a-6ea680e1524a,ann-31-07-2019,163,3,14,13
5091b226-87c0-49a1-8068-0381fb99e948,ann-31-07-2019,173,2,10,8
5eb5bfc5-1db0-4a81-bb9d-85a71e7a86ab,ann-31-07-2019,166,9,7,11
782d9921-7c33-4686-b6af-84d7813f20f2,ann-31-07-2019,163,4,14,12
ca48c739-657a-4c6a-8fa1-aa85f2b764f2,ann-31-07-2019,162,4,11,16
cd748c8d-ad07-4a22-92b9-2c9c3afa898d,ann-31-07-2019,168,4,9,12
1667782e-bd81-4f90-ae5a-6abbe2158be8,ann-31-07-2019,162,4,15,12
c5a402ad-bdd1-4bc3-858f-1a9eaa042002,ann-31-07-2019,170,6,8,9
506d43e5-74c0-4f42-b3d6-62219b1a62ec,ann-31-07-2019,167,4,13,9
b9fef489-dae1-4c94-9830-96c82ee7a6b3,ann-31-07-2019,162,5,13,13
a8d9aa29-db4b-48bd-85c5-03f1375d06e5,ann-31-07-2019,168,3,12,10
7074c32a-1b12-4477-8803-1f3140623da5,ann-31-07-2019,164,7,9,13
b0e41d2b-71e1-4084-b041-a3ece494f768,ann-31-07-2019,171,3,10,9
5f768c14-2d53-4fdf-95a0-0d99c789c969,ann-31-07-2019,167,8,11,7
de62cedf-39b2-462c-9301-849bbf8f8772,ann-31-07-2019,161,8,11,13
7c8bc102-e3cd-4489-bc8d-f207cfc7b8fc,ann-31-07-2019,161,7,13,12
c8c77248-8eca-491f-968e-5971e6dd94e5,ann-31-07-2019,167,3,13,10
35389d48-b0bb-4c98-9ca6-e4b4eeb3ba82,ann-31-07-2019,164,5,15,9
1b768b3a-9e17-46dd-94a0-1892510a67b7,ann-31-07-2019,161,6,11,15
896838de-5314-43db-ae98-6604f8bb8d75,ann-31-07-2019,166,7,11,9
c7b8885f-7a00-40cf-84f8-28741c54c3ea,ann-31-07-2019,162,3,14,14
bbf2f427-1374-4ea4-b297-fac8e2a12e5b,ann-31-07-2019,169,3,9,12
15254067-c94c-43a1-aa6d-f71d05ae3de1,ann-31-07-2019,160,6,11,16
eee883cb-e72a-466e-baa7-a2c0a844f030,ann-31-07-2019,166,3,12,12
d05153bd-42a2-42ef-9bf2-1dd16de90590,ann-31-07-2019,162,7,13,11
3890e764-e9dc-4eac-88e5-2014341d3b25,ann-31-07-2019,173,3,7,10
df697d90-97a0-426d-9dd2-070f98b91d1e,ann-31-07-2019,170,3,10,10
942231a2-a4e7-4fbd-8208-e1431038f1c3,ann-31-07-2019,166,1,18,8
03e49c92-b71a-4f72-8044-315059884eb5,ann-31-07-2019,168,4,10,11
3f176bf1-f37a-4cba-9f0d-aaa62553106d,ann-31-07-2019,163,4,14,12
aecb9956-53c8-4c91-8974-c927bf3b853d,ann-31-07-2019,159,6,14,14
5fca0120-88a5-47ba-99b3-57dda770b4ed,ann-31-07-2019,161,6,14,12
22b14d89-a40c-46a6-ba6d-7e8852c11a41,ann-31-07-2019,167,2,13,11
e96f3b02-58f4-44a2-8647-34fd536bd3e2,ann-31-07-2019,169,4,13,7
5971baad-318d-4b4c-9583-309c765fd9f9,ann-31-07-2019,159,4,19,11
13ce3498-35c1-4f67-9216-9b3534861032,ann-31-07-2019,160,5,16,12
4bd375a4-818f-4445-a3a6-6ae3729569c9,ann-31-07-2019,166,6,12,9
e1eef2d3-53d0-495b-a186-b7051ef69438,ann-31-07-2019,161,3,18,11
d109d5d3-f83d-4ec7-a78d-57369038f37f,ann-31-07-2019,165,4,12,12
e5b13399-a868-4dc6-8832-afe6a3f9217d,ann-31-07-2019,164,7,13,9
687ebbc3-2223-442d-ac13-b87562981765,ann-31-07-2019,167,4,9,13
32a0da51-e566-40e2-9794-d0a682c88d86,ann-31-07-2019,161,2,17,13
f0219376-0b6a-4870-9d95-d8deb41f9894,ann-31-07-2019,163,7,11,12
7a3c30ea-f1dd-40b1-a000-8025639767b8,ann-31-07-2019,167,7,8,11
b1f7d8ab-05e0-46ad-b591-fe7241c2d97f,ann-31-07-2019,158,10,9,16
83245984-b40e-4069-abf0-a89f1dd319b3,ann-31-07-2019,163,5,12,13
52e6f28f-a830-4ba5-8f60-ee48b902467d,ann-31-07-2019,171,6,6,10
a596c8d3-0678-4847-856a-8ee68c02fe71,ann-31-07-2019,165,5,14,9
b9d14005-7b4f-4c4f-b9fc-7d370f24157a,ann-31-07-2019,168,5,8,12
b8ca7e77-cca9-4124-a866-d3778c2905f5,ann-31-07-2019,159,7,14,13
6e27d31b-2802-42bc-87c5-82a5c9330eb7,ann-31-07-2019,163,4,11,15
05c3dcc0-d49d-4d13-a7c9-65ace88575af,ann-31-07-2019,163,6,10,14
0b89f252-159f-4318-aaa9-f6d716eb4c32,ann-31-07-2019,170,1,12,10
32aa7cda-7d1b-4cf4-bf13-58f726bf1036,ann-31-07-2019,164,7,11,11
7cb4e30a-8817-4a5a-a749-822bfcc28915,ann-31-07-2019,167,7,9,10
b0d18f35-7bbe-4ce1-a148-626f139a2073,ann-31-07-2019,163,5,8,17
a5a43ad9-4243-4a5c-9b1e-0be9822e02e9,ann-31-07-2019,164,2,16,11
fe506642-fac3-4f11-8377-5160b93ea66a,ann-31-07-2019,160,11,9,13
7d1eb886-da76-4de2-9d20-2a1d4d09bb0a,ann-31-07-2019,168,3,13,9
759003cf-8c67-46aa-b27e-6bb288878149,ann-31-07-2019,172,5,4,12
f615393d-f928-4767-bac9-a05fe2164948,ann-31-07-2019,162,3,13,15
4b56eaf2-f49a-4598-b791-c0256d56b262,ann-31-07-2019,163,6,13,11
358946a5-da47-4dae-bbfc-ff9f0f383966,ann-31-07-2019,165,5,12,11
2b12a64d-3135-4832-aeb2-31f5d0afea69,ann-31-07-2019,164,1,17,11
23ac3ca0-76a1-42be-b8bc-0cc3701a438f,ann-31-07-2019,165,4,11,13
c7586c77-d173-434b-ab8f-1a6bd9609e82,ann-31-07-2019,161,4,19,9
f5b7cd01-5a7e-4075-a05a-5fc38111701d,ann-31-07-2019,166,5,9,13
945beeff-4df4-4dbb-9345-11ddd356e34d,ann-31-07-2019,162,3,14,14
faaa8939-3785-4452-aa27-f338f8df2e41,ann-31-07-2019,169,3,7,14
06e55568-8806-44db-b057-a19c04218841,ann-31-07-2019,162,6,9,16
7892b5ce-635f-4c48-885c-a0a5ca7bb8c6,ann-31-07-2019,165,4,13,11
a7b47d16-bc54-463a-bda5-b56c04f37186,ann-31-07-2019,166,4,8,15
841fd029-cb0e-4bfb-bf9b-1d7ae9a39fec,ann-31-07-2019,170,5,7,11
e209f8be-db71-41bf-8343-d37eab4d7f2c,ann-31-07-2019,163,7,13,10
52770517-fa3d-4b60-ac8b-a3c9f35b23eb,ann-31-07-2019,170,3,11,9
f7b22f5e-ea43-4f08-8cfc-05c3de8c1e3a,ann-31-07-2019,172,1,13,7
d5e8e818-902e-4294-af57-b0ed2953218d,ann-31-07-2019,172,3,9,9
a17f1638-7857-44a1-a28c-9fc513ee4701,ann-31-07-2019,163,5,13,12
97d8402c-3eb1-4d42-be4e-80cf51efba9f,ann-31-07-2019,165,1,13,14
73deddd6-1b89-44af-ba78-f9801d19486c,ann-31-07-2019,173,3,9,8
c8162475-05fb-41bb-840e-d1a200006e9d,ann-31-07-2019,160,7,13,13
9f9e2939-cdf8-4364-868c-16c2fb1c12b4,ann-31-07-2019,162,5,13,13
9e2dcdb8-f2c9-4c36-a13f-51b1bb69b56f,ann-31-07-2019,162,3,16,12
481eccd9-7e8a-4059-b140-93e688265f4b,ann-31-07-2019,162,6,13,12
40e75516-6511-4c26-a7a4-78adb0d00666,ann-31-07-2019,167,4,9,13
07adcc35-4931-4c63-8d0a-56ab14de1c12,ann-31-07-2019,174,3,7,9
d9b10d27-42be-4344-9540-af9152de7ec2,ann-31-07-2019,159,5,11,18
dbe602a6-8e1a-498f-80f7-70cdf632e826,ann-31-07-2019,162,6,9,16
3da79c76-8002-44a0-a4ef-6bbebd7d67dc,ann-31-07-2019,168,4,9,12
4072d2d9-ca8a-4198-9963-0cee991bc469,ann-31-07-2019,171,5,8,9
3be77bd8-3ee0-465d-ab60-cc5eb4ea5ae9,ann-31-07-2019,167,4,8,14
9dd79643-fd90-4a99-b597-aa435997c2d0,ann-31-07-2019,169,3,12,9
a4458049-3de8-4382-b395-0f236e5574e9,ann-31-07-2019,162,3,12,16
3d358f56-9f18-4055-889c-6e5f4cdb7e12,ann-31-07-2019,158,4,17,14
c9c9f081-4783-4ab4-83a8-9b800fbc29c5,ann-31-07-2019,162,12,5,14
1fd5216d-27a8-4de3-87a8-7549582a449d,ann-31-07-2019,164,4,13,12
f7ca1d36-d9a8-4ab0-8723-9685fe393e8f,ann-31-07-2019,161,4,14,14
daa91faa-9362-4398-9a6f-1fcdbc56a29d,ann-31-07-2019,158,9,12,14
87a3b968-f046-453f-8767-8a552d6b863b,ann-31-07-2019,164,5,6,18
8aa51fce-cf19-4e9b-a73c-3a2001339d15,ann-31-07-2019,160,3,15,15
e2aa1fc2-f8cd-4654-9e42-afe07d7330c4,ann-31-07-2019,165,3,12,13
7a80bf21-12e2-43d9-b82c-00d27c33fea0,ann-31-07-2019,167,2,12,12
6520d650-a551-41b6-a839-6f66eafb4ba4,ann-31-07-2019,169,3,13,8
b7878e77-b392-49c4-8dd2-b87774e418e0,ann-31-07-2019,167,6,6,14
2e98d315-41a0-456f-bf3b-a7fc0956dd1c,ann-31-07-2019,162,6,12,13
7f216647-685b-47f6-a39f-994fdf0fd572,ann-31-07-2019,162,4,14,13
7dce002e-a9a5-45f6-b34c-f3a21f2a5d67,ann-31-07-2019,165,5,12,11
b9ca3339-dcd8-4bf2-8307-7b28be9aca40,ann-31-07-2019,168,1,11,13
50b2e548-64da-41f7-97f6-c16ec220cbd4,ann-31-07-2019,171,7,4,11
062a8ec3-35dc-4007-9dd7-8b3cbcfa45b1,ann-31-07-2019,165,4,10,14
618e3f24-4adc-4fd0-8e3f-1f3d6ed877e7,ann-31-07-2019,167,4,13,9
34ab39a2-523a-4f78-b41a-e53400f0d76e,ann-31-07-2019,159,3,13,18
c462562a-4f22-49c0-8ff1-7671c05ecdc8,ann-31-07-2019,157,8,15,13
0974cf11-5e9b-4484-9e3d-7366fbbfd942,ann-31-07-2019,173,0,10,10
070863cd-d728-46ab-a9e1-73def50e11ed,ann-31-07-2019,165,7,13,8
b958deb9-18ba-42eb-8141-fdb2363f516f,ann-31-07-2019,154,4,18,17
1707df75-b72d-4a0c-a249-5081030bc142,ann-31-07-2019,163,6,11,13
e17f2578-c0ba-4118-b46d-9a7857c41cb4,ann-31-07-2019,161,4,16,12
34ca6257-2036-49f2-a200-2e41c70d4ac0,ann-31-07-2019,164,5,11,13
18ed232d-3ce3-43ec-8a10-bf2ffef14614,ann-31-07-2019,165,7,8,13
636e2b15-dbfe-4556-914f-5d843980c65f,ann-31-07-2019,162,6,13,12
ed5960c0-3720-4a82-ab53-3a67bbf97a11,ann-31-07-2019,162,3,12,16
73c84b2d-8f38-46be-8af3-3c477ca53912,ann-31-07-2019,160,1,22,10
2eb6ebbb-401a-4b40-ad1c-7d292428912b,ann-31-07-2019,165,8,8,12
bea7dec7-b7db-42ab-a682-168e1aef8484,ann-31-07-2019,165,4,14,10
5716eb69-2e2f-40b9-abd7-6de4243add85,ann-31-07-2019,169,1,11,12
d0eace94-d9de-47cc-89cd-bdcde0bcefe6,ann-31-07-2019,163,10,5,15
de19de22-562a-4435-8cd2-be41e520426d,ann-31-07-2019,171,2,12,8
f401b1f3-27df-46dd-96ab-20e0646af27f,ann-31-07-2019,164,11,6,12
c8a28f29-9ae4-4428-ac20-eec3e014406d,ann-31-07-2019,168,4,12,9
53069163-7136-4605-b4e1-083fc74f82a1,ann-31-07-2019,167,0,12,14
95442fff-9e70-449c-8c1f-99f8ee1295fa,ann-31-07-2019,164,6,11,12
6b53a939-02fd-4d32-96d8-c5b5f0c6702b,ann-31-07-2019,160,4,16,13
ce4c635a-8b70-4cd5-b7d9-819176347d58,ann-31-07-2019,163,4,13,13
70a152f8-c4d4-4d8a-8742-b31bdebea77a,ann-31-07-2019,166,5,13,9
f2e047bc-bb16-4c18-96f9-9a787df65b05,ann-31-07-2019,160,7,10,16
43a68e02-6e60-45db-b11a-11fe323a6c40,ann-31-07-2019,172,2,10,9
bac178ff-3a1f-41de-9f70-d417972fbb94,ann-31-07-2019,164,4,11,14
8fc258fd-dfd1-4c44-bbbb-14b461d3b966,ann-31-07-2019,159,7,11,16
207d01b9-e92c-400f-b8df-31a1fd45c935,ann-31-07-2019,163,3,13,14
49ce07cb-fe09-49e9-9b7e-e43827fda24f,ann-31-07-2019,163,2,17,11
a980ec4c-31a2-4ffa-a5ff-a36d912f942a,ann-31-07-2019,162,7,11,13
27548d7e-c00d-4cf7-ba07-345ccbdef6cb,ann-31-07-2019,168,3,13,9
258f33b6-a54f-4ba9-be28-2329298868ed,ann-31-07-2019,172,2,9,10
1ba6d11e-ccc0-48ed-8be3-e6a3d0509829,ann-31-07-2019,164,3,10,16
d26a0b91-c97b-4daf-bfa9-bd71366ca164,ann-31-07-2019,156,10,14,13
b20f9730-e80f-49b7-8caf-d03c85b36894,ann-31-07-2019,168,2,12,11
46f1a56f-6740-4562-b140-cadb6ba89911,ann-31-07-2019,168,4,10,11
2dfa9a6f-369c-4cc7-8c4c-46af07a86836,ann-31-07-2019,161,5,12,15
c72ed8ef-1194-415a-a1c7-102ffb79601c,ann-31-07-2019,168,5,12,8
9805ddde-0190-41ae-ae95-79221a2d279f,ann-31-07-2019,159,1,19,14
8056bf8f-cdff-4315-986b-66d0bcc844fc,ann-31-07-2019,159,4,15,15
a7859bcc-229d-4ce3-92b0-6bb84c4ff002,ann-31-07-2019,168,3,12,10
90f2b719-18de-416c-b963-994293057942,ann-31-07-2019,161,3,12,17
fbd7ffc1-96c7-4689-ab6c-6dae4023d956,ann-31-07-2019,173,2,10,8
82ec2efe-68c6-4592-bf1e-9c855e41c613,ann-31-07-2019,165,3,15,10
13ac3067-771e-41da-af8d-880c462e2736,ann-31-07-2019,164,8,9,12
eebcd5bc-b12e-411a-868a-bc110fc7d8a0,ann-31-07-2019,171,4,7,11
2e3762f4-3b1c-42dd-9f3e-1dfb3814f7c5,ann-31-07-2019,164,2,10,17
bb5efead-a5cc-4c9f-a843-a12a8f4a9f36,ann-31-07-2019,169,4,8,12
0b71dfb0-5a8a-4e95-a55d-8aefa389841b,ann-31-07-2019,154,7,19,13
73e6844a-0214-495f-9216-b6c821ca4977,ann-31-07-2019,163,2,16,12
6f37ec33-1fd2-403b-8262-17d9ee433538,ann-31-07-2019,159,5,15,14
aaa8c2c7-87ba-4a39-9028-4aeac1cea21c,ann-31-07-2019,165,7,12,9
edb98bef-7493-496d-a6f7-e92d02a16fd4,ann-31-07-2019,171,6,9,7
8629f037-9859-4bcf-bfa6-38288fe893c2,ann-31-07-2019,168,3,13,9
594c1548-2890-4c9f-87f1-7e436ceadbf8,ann-31-07-2019,156,6,17,14
eec5cc86-f602-4161-bee2-99b0646918be,ann-31-07-2019,173,0,10,10
8b938a05-1e44-42cd-a2f2-addbe0b3f38a,ann-31-07-2019,169,2,6,16
fbc83c4a-2094-4c14-af44-3b1159230808,ann-31-07-2019,163,8,8,14
cb1a9c51-8d50-4c26-9346-290fa41efbf6,ann-31-07-2019,166,6,11,10
716306c3-d877-4b7c-be97-374399de88dc,ann-31-07-2019,168,3,7,15
d9ca5e90-f6a0-4501-9aee-8b78b7ea5bfa,ann-31-07-2019,157,8,15,13
a8ef9eab-d8ee-4b6e-acc1-23218a603c76,ann-31-07-2019,163,9,8,13
70a90e93-cd71-47cc-b167-6f37404b62fc,ann-31-07-2019,158,5,11,19
85bc6577-a637-499a-8d9b-287211c39439,ann-31-07-2019,163,4,14,12
05cc5e0d-e783-494c-88be-6a87a744bbd3,ann-31-07-2019,162,4,15,12
7d933118-6a3d-45ac-a990-907c78a0581d,ann-31-07-2019,167,3,15,8
2dcfe2cb-9ba3-420b-bd37-abc808394fa0,ann-31-07-2019,162,3,17,11
6b0a4b3f-b504-4827-b894-d3524380fccd,ann-31-07-2019,158,7,14,14
79ac4281-2f64-42bd-9205-3bc695f4a2ce,ann-31-07-2019,162,3,13,15
12d13374-b14f-4cc9-a4cf-ab1ae082fd64,ann-31-07-2019,158,2,20,13
8184cba3-4dd9-4511-88db-6549f6126af7,ann-31-07-2019,166,3,12,12
ce49e835-286a-4d69-8d39-454b0a3e810c,ann-31-07-2019,172,3,11,7
96d5f578-337c-4df4-b01b-26aeadef249c,ann-31-07-2019,154,5,15,19
45496c13-8f01-4a99-ad02-2ebc031e3b9c,ann-31-07-2019,164,3,14,12
1cf78527-8422-41d4-98a3-a8e6099b112d,ann-31-07-2019,162,2,16,13
7ced52ad-369a-4ec6-9d8f-500e15c39337,ann-31-07-2019,163,3,13,14
4d789dd9-1a9e-4cdd-b4ed-d10930cda6fb,ann-31-07-2019,164,3,13,13
9e52e6a5-42b0-4d42-83c0-41c811d9084d,ann-31-07-2019,155,7,15,16
95ebf929-7193-4e53-bffb-da3ee8007991,ann-31-07-2019,159,3,15,16
b3d25e7d-b163-43c4-832a-ab3867837bdb,ann-31-07-2019,167,6,9,11
fc65e852-6456-40c2-8180-ee05d34ed746,ann-31-07-2019,167,7,11,8
a55789b6-da3f-43f5-a86d-13572bfb5c84,ann-31-07-2019,162,4,12,15
85182e04-725f-4f2d-898e-b0b3b1e80030,ann-31-07-2019,159,3,18,13
c4360940-24a1-440e-a32e-72be7abbd1e0,ann-31-07-2019,163,2,14,14
d6c04e27-bc4a-4c84-9bfe-a23e1000de00,ann-31-07-2019,160,7,14,12
0f2ce7ac-117c-447f-9fae-c1ceb1bbf234,ann-31-07-2019,169,6,7,11
9d12b6af-d06d-4206-a819-f3e2ac61d511,ann-31-07-2019,169,1,11,12
cafd0741-3943-483b-bc83-7623dd0b3820,ann-31-07-2019,165,6,11,11
c386c82f-2d94-4a40-adbc-9a00b7874a9c,ann-31-07-2019,170,2,10,11
e5e0e190-4db6-43a4-910a-68d0d9ad7fa9,ann-31-07-2019,158,6,12,17
f3ff79d4-e369-4ee9-936a-7a1b0892fc8a,ann-31-07-2019,162,2,14,15
55a1ec0d-aa73-441b-966b-587e734efbfc,ann-31-07-2019,168,4,11,10
286b0954-650f-488b-88dd-3c253acd831a,ann-31-07-2019,159,4,15,15
99381809-71cc-4bcd-97c1-e9fc9729ecc2,ann-31-07-2019,166,5,10,12
afc78cbd-f345-4816-aff3-341dcd760106,ann-31-07-2019,174,5,6,8
0afa5a81-e8be-4ba5-b3db-6065303461e1,ann-31-07-2019,163,4,17,9
a17ee075-0ff7-417f-bb56-da4e60bb23fc,ann-31-07-2019,169,5,11,8
cb15f908-f72a-4463-8c9c-2958122ca985,ann-31-07-2019,168,5,13,7
f2f2d234-084f-428a-9eca-eb74c317e700,ann-31-07-2019,168,3,14,8
a93dce04-cd94-492c-b7f9-edb4f8d4e62e,ann-31-07-2019,169,4,8,12
e2acb0d9-b698-41a2-bd96-b3ddc0ccb1e2,ann-31-07-2019,165,11,7,10
0e05796d-0a81-4288-8aca-7416e9fbf3fb,ann-31-07-2019,162,2,13,16
b1e152bf-1ccf-4365-8d8b-77c6824613b9,ann-31-07-2019,159,3,11,20
9c5f0331-30da-4f0c-b768-9cf67f69642b,ann-31-07-2019,166,3,12,12
9df154a1-8294-47a7-b820-41a9f91cc212,ann-31-07-2019,158,9,9,17
637c28cd-576e-43da-9eec-af25d6404aaa,ann-31-07-2019,173,5,7,8
71f2bf57-b5f2-4dc6-b0bd-a2728238540b,ann-31-07-2019,171,3,7,12
95eebe58-fc58-4e36-ba2d-b2f9489a7909,ann-31-07-2019,161,7,12,13
e7041d05-98b7-4f1e-93da-902fcb6a7630,ann-31-07-2019,170,1,10,12
b8b5ec86-0ba8-4fbc-a1ab-1b7f0378378c,ann-31-07-2019,169,1,12,11
6a8be406-b64d-4af1-bd05-3206598f161d,ann-31-07-2019,168,6,7,12
1af9ece4-5caf-4f5e-b768-e14cc5dee599,ann-31-07-2019,162,7,13,11
dd153095-cfe8-4a52-ad36-50396e8c3020,ann-31-07-2019,162,5,11,15
da2b2c55-3fcd-4835-99de-2af0a9394c2e,ann-31-07-2019,163,1,11,18
d309974b-1f66-42a0-b72f-8f641a0ee04e,ann-31-07-2019,165,6,12,10
1fd9df28-5cb4-4bb8-b307-6d0a822ee0fc,ann-31-07-2019,167,3,13,10
5972d4c8-2502-4cda-bbb5-485ad30ffb8e,ann-31-07-2019,166,4,13,10
6a4b0339-c2a8-4ee0-aa13-b3744d05b836,ann-31-07-2019,168,4,8,13
bbbbfed5-35b0-4cce-99ef-865347c36c13,ann-31-07-2019,168,4,12,9
