%Cálculo 1,%Lógica,%Matemática Discreta,%Física,%Cálculo 2,Cálculo 1,Lógica,Matemática Discreta,Física,Cálculo 2,Classe
0.0,0.0,1.0,0.9692307692307692,0.9508196721311475,0.3810563380281689,0.2985833333333333,0.4249264705882352,0.418968253968254,0.4771551724137931,0.0
1.0,0.03278688524590164,0.03278688524590164,1.0,0.0,0.4398333333333332,0.2708333333333334,0.2708333333333334,0.4870634920634919,0.24427419354838711,0.0
0.8857142857142857,0.1388888888888889,0.1388888888888889,0.0,0.0,0.4539516129032258,0.2703472222222223,0.2703472222222223,0.3409740593084288,0.33534471294489787,0.0
0.0,0.0,0.0,0.0,0.0,0.4439516129032259,0.2889583333333333,0.2889583333333333,0.18061403508771937,0.33534471294489787,0.0
1.0,0.03278688524590164,0.03278688524590164,1.0,0.0,0.5248333333333333,0.30116666666666675,0.30116666666666675,0.422063492063492,0.36854166666666677,0.0
1.0,0.9692307692307692,1.0,0.9508196721311475,0.8857142857142857,0.5599264705882352,0.543968253968254,0.46020208467210266,0.5971551724137931,0.6289516129032258,1.0
1.0,0.0,0.0,1.0,0.03278688524590164,0.45992647058823516,0.16246153846153852,0.16246153846153852,0.44483333333333325,0.23116666666666671,0.0
0.8382352941176471,0.8450704225352113,0.9230769230769231,1.0,1.0,0.6706140350877193,0.5431666666666667,0.4885833333333333,0.5999264705882352,0.5598333333333332,1.0
0.0,0.0,0.0,0.0,0.9692307692307692,0.2028873239436619,0.21615384615384617,0.21615384615384617,0.21615384615384617,0.47896825396825393,0.0
0.0,0.0,0.0,0.0,1.0,0.20284722222222223,0.20284722222222223,0.23561403508771941,0.3409740593084288,0.4199264705882352,0.0
0.0,0.0,0.0,0.0,0.0,0.33215517241379316,0.3233610900480142,0.33909862229237264,0.3409740593084288,0.33534471294489787,0.0
0.0,0.0,0.0,0.0,0.11267605633802817,0.4489516129032259,0.3233610900480142,0.35220588235294126,0.35220588235294126,0.24470588235294116,0.0
0.9692307692307692,1.0,0.9508196721311475,0.0,0.0,0.5689682539682539,0.5648333333333333,0.42715517241379314,0.32706349206349195,0.21145833333333333,0.0
0.0,0.0,0.0,0.0,0.0,0.3454095018301064,0.17561403508771942,0.33909862229237264,0.23153846153846155,0.23153846153846155,0.0
0.0,0.0,0.01639344262295082,0.01639344262295082,0.0,0.21896825396825398,0.3898333333333332,0.18508196721311476,0.18508196721311476,0.322063492063492,0.0
0.9508196721311475,1.0,0.11428571428571428,0.11428571428571428,0.0,0.4221551724137932,0.5120634920634919,0.33521428571428574,0.33521428571428574,0.45061403508771936,0.0
0.11428571428571428,0.1388888888888889,0.1388888888888889,0.0,0.0,0.32735714285714285,0.4789583333333334,0.4789583333333334,0.27061403508771936,0.1735833333333333,0.0
0.1388888888888889,0.0,0.0,1.0,1.0,0.23159722222222223,0.17286764705882363,0.17286764705882363,0.46996564357498527,0.5499264705882352,1.0
0.9508196721311475,0.0,0.0,0.1388888888888889,0.0,0.4121551724137931,0.302063492063492,0.4039516129032258,0.380625,0.26713235294117654,0.0
0.0,0.0,0.0,0.0,0.0,0.3454095018301064,0.11215517241379316,0.33909862229237264,0.3409740593084288,0.23029411764705893,0.0
1.0,0.0,1.0,1.0,0.0,0.4805151030758773,0.4385833333333333,0.46020208467210266,0.46996564357498527,0.43900383462312714,1.0
0.0,0.0,0.0,0.0,0.0,0.4381666666666666,0.3233610900480142,0.33909862229237264,0.3409740593084288,0.33534471294489787,0.0
0.0,0.0,0.0,0.0,0.0,0.38992647058823515,0.15607692307692309,0.15607692307692309,0.3998333333333332,0.20206349206349197,0.0
0.0,0.0,0.0,0.16176470588235295,0.8450704225352113,0.3719285714285714,0.34243055555555557,0.34243055555555557,0.3102941176470589,0.5981666666666666,0.0
1.0,0.9508196721311475,1.0,0.8857142857142857,0.8382352941176471,0.5898333333333332,0.5771551724137932,0.5620634920634919,0.47895161290322574,0.6756140350877196,1.0
0.0,0.0,0.0,1.0,0.0,0.3279861111111111,0.2705882352941178,0.2705882352941178,0.46996564357498527,0.2999264705882352,1.0
0.0,0.9230769230769231,0.0,0.9692307692307692,0.03278688524590164,0.21911764705882347,0.5085833333333334,0.3749264705882352,0.608968253968254,0.3611666666666667,0.0
0.0,0.0,0.0,0.0,1.0,0.3454095018301064,0.24061403508771936,0.33909862229237264,0.17710937499999999,0.5299264705882352,0.0
1.0,0.9508196721311475,0.0,0.8857142857142857,0.1388888888888889,0.5048333333333332,0.44715517241379316,0.22706349206349197,0.5039516129032258,0.25020833333333337,0.0
0.0,0.0,0.0,0.9230769230769231,0.0,0.2022535211267605,0.2022535211267605,0.2022535211267605,0.48358333333333337,0.39896825396825397,0.0
0.0,0.0,0.0,0.0,0.0,0.3454095018301064,0.2099264705882352,0.17396825396825397,0.3409740593084288,0.33534471294489787,0.0
0.0,0.0,0.0,0.0,0.0,0.39215517241379316,0.21706349206349196,0.26821428571428574,0.26821428571428574,0.2536805555555556,0.0
0.0,0.9508196721311475,1.0,0.0,0.1388888888888889,0.37483333333333324,0.42715517241379314,0.462063492063492,0.4039516129032258,0.4321527777777777,1.0
0.0,0.0,0.0,0.0,0.0,0.23358333333333334,0.12992647058823517,0.17896825396825394,0.3409740593084288,0.16532786885245906,0.0
0.8611111111111112,0.0,0.0,0.0,0.0,0.5392741935483871,0.3233610900480142,0.33909862229237264,0.3409740593084288,0.38896825396825396,0.0
0.03076923076923077,0.03076923076923077,1.0,0.03278688524590164,1.0,0.2824615384615385,0.2824615384615385,0.4498333333333332,0.23666666666666672,0.38206349206349194,0.0
0.8450704225352113,0.9230769230769231,1.0,0.0,0.9508196721311475,0.49816666666666654,0.4985833333333334,0.5099264705882351,0.378968253968254,0.4171551724137931,1.0
0.0,0.0,0.0,0.0,0.0,0.27561403508771937,0.3233610900480142,0.33909862229237264,0.15492647058823517,0.33534471294489787,0.0
1.0,0.03278688524590164,0.03278688524590164,1.0,0.0,0.4498333333333332,0.24133333333333334,0.24133333333333334,0.5520634920634919,0.20034722222222223,0.0
0.0,0.03278688524590164,0.03278688524590164,1.0,0.0,0.37483333333333324,0.33866666666666667,0.33866666666666667,0.40206349206349196,0.33534471294489787,0.0
0.9230769230769231,1.0,0.0,0.0,0.0,0.4485833333333334,0.40492647058823517,0.378968253968254,0.3409740593084288,0.14706349206349198,0.0
0.0,0.0,1.0,0.0,0.0,0.3494117647058823,0.42358333333333337,0.43492647058823514,0.38396825396825396,0.36215517241379314,0.0
0.0,1.0,0.0,1.0,1.0,0.269609375,0.4649264705882352,0.38396825396825396,0.45983333333333326,0.577063492063492,0.0
0.9692307692307692,0.0,0.9508196721311475,1.0,0.0,0.48396825396825405,0.46289124562288403,0.4771551724137931,0.412063492063492,0.4592741935483871,1.0
0.9230769230769231,1.0,0.9692307692307692,1.0,0.0,0.5235833333333334,0.41492647058823523,0.49896825396825395,0.5198333333333333,0.33206349206349195,0.0
0.9692307692307692,0.0,0.9508196721311475,1.0,0.0,0.40896825396825404,0.3233610900480142,0.5121551724137932,0.577063492063492,0.3532142857142857,0.0
0.0,0.0,0.0,0.0,0.0,0.3454095018301064,0.09992647058823519,0.243968253968254,0.3409740593084288,0.33534471294489787,0.0
0.1388888888888889,0.0,0.0,0.0,0.0,0.294375,0.17561403508771942,0.33909862229237264,0.3409740593084288,0.10896825396825398,0.0
0.0,0.0,0.0,0.9230769230769231,0.9692307692307692,0.35,0.35,0.35,0.4735833333333334,0.503968253968254,0.0
0.0,0.8450704225352113,0.06153846153846154,0.06153846153846154,0.03076923076923077,0.35220588235294126,0.49316666666666664,0.217734375,0.217734375,0.3783076923076923,0.0
0.0,0.0,0.0,0.0,0.0,0.33895161290322584,0.1992741935483871,0.33909862229237264,0.1917647058823529,0.153671875,0.0
1.0,0.0,0.06153846153846154,0.06153846153846154,0.0,0.4805151030758773,0.46289124562288403,0.34054687499999997,0.34054687499999997,0.43900383462312714,1.0
0.0,0.0,0.0,0.0,0.9508196721311475,0.39323529411764707,0.3233610900480142,0.23492647058823518,0.308968253968254,0.4171551724137931,0.0
0.0,0.0,0.0,0.0,0.0,0.3454095018301064,0.3233610900480142,0.33909862229237264,0.224375,0.22257352941176478,0.0
1.0,0.0,0.0,0.0,0.0,0.412063492063492,0.21307142857142858,0.21307142857142858,0.3409740593084288,0.17367647058823538,0.0
0.0,1.0,0.11428571428571428,0.11428571428571428,0.0,0.17216666666666672,0.377063492063492,0.40021428571428563,0.40021428571428563,0.33534471294489787,0.0
0.8382352941176471,0.0,0.06153846153846154,0.06153846153846154,0.03076923076923077,0.47561403508771943,0.3631666666666666,0.17710937499999996,0.17710937499999996,0.21838461538461537,0.0
0.9508196721311475,1.0,0.8857142857142857,0.8611111111111112,0.0,0.5871551724137932,0.577063492063492,0.5039516129032258,0.5042741935483871,0.2609859154929577,1.0
0.0,0.0,0.0,0.0,0.0,0.2314705882352941,0.2314705882352941,0.225546875,0.225546875,0.403968253968254,0.0
0.0,0.0,0.0,0.0,0.0,0.11396825396825397,0.3233610900480142,0.17215517241379316,0.3409740593084288,0.33534471294489787,0.0
0.0,0.11428571428571428,0.11428571428571428,0.1388888888888889,0.0,0.11706349206349195,0.42078571428571426,0.42078571428571426,0.278125,0.2806140350877194,0.0
1.0,0.9508196721311475,1.0,0.8857142857142857,0.0,0.5698333333333332,0.4571551724137931,0.5520634920634919,0.5689516129032258,0.33534471294489787,0.0
0.9230769230769231,1.0,0.0,0.0,0.03278688524590164,0.5235833333333334,0.4199264705882352,0.358968253968254,0.37483333333333324,0.3491666666666667,0.0
0.0,0.0,0.0,0.0,0.0,0.213968253968254,0.3233610900480142,0.22715517241379315,0.3409740593084288,0.33534471294489787,0.0
0.0,0.0,0.0,1.0,1.0,0.3749264705882352,0.27299999999999996,0.27299999999999996,0.4698333333333332,0.40206349206349196,0.0
0.0,0.0,0.0,0.0,0.0,0.3454095018301064,0.3233610900480142,0.33909862229237264,0.3409740593084288,0.3649264705882352,0.0
0.1388888888888889,0.16176470588235295,0.16176470588235295,0.8450704225352113,1.0,0.4186805555555556,0.3987500000000001,0.3987500000000001,0.6381666666666665,0.4999264705882352,0.0
0.0,0.0,0.0,0.0,0.0,0.3454095018301064,0.3233610900480142,0.27992647058823517,0.11896825396825399,0.15215517241379314,0.0
0.9230769230769231,1.0,0.9692307692307692,1.0,1.0,0.46358333333333335,0.5649264705882352,0.608968253968254,0.5998333333333332,0.577063492063492,0.0
0.9692307692307692,1.0,0.9508196721311475,1.0,0.0,0.40896825396825404,0.44483333333333325,0.4121551724137931,0.527063492063492,0.2924305555555556,0.0
1.0,0.0,0.0,0.0,0.8857142857142857,0.5048333333333332,0.20573770491803284,0.20573770491803284,0.20573770491803284,0.46395161290322584,0.0
0.0,0.8382352941176471,0.0,0.0,0.9692307692307692,0.415625,0.5406140350877193,0.1981666666666666,0.20858333333333334,0.41396825396825393,0.0
0.9230769230769231,0.0,1.0,1.0,1.0,0.4485833333333334,0.46289124562288403,0.46020208467210266,0.5848333333333332,0.5520634920634919,1.0
0.0,0.0,0.0,0.0,0.16176470588235295,0.3454095018301064,0.17215517241379316,0.33909862229237264,0.3409740593084288,0.40580882352941183,0.0
0.0,0.0,0.0,0.0,0.0,0.23878571428571427,0.23878571428571427,0.20118055555555556,0.20118055555555556,0.19257352941176478,0.0
0.0,0.0,1.0,0.03076923076923077,1.0,0.39429687499999994,0.39429687499999994,0.4649264705882352,0.2560769230769231,0.4298333333333332,0.0
0.0,0.0,0.0,0.0,0.0,0.3454095018301064,0.15523437500000004,0.15523437500000004,0.3599264705882352,0.33534471294489787,0.0
0.0,0.03278688524590164,0.03278688524590164,0.0,0.0,0.2648333333333332,0.15950000000000006,0.15950000000000006,0.29206349206349197,0.20173611111111112,0.0
0.11428571428571428,0.11428571428571428,0.8611111111111112,0.8382352941176471,0.0,0.38035714285714284,0.38035714285714284,0.49927419354838704,0.6306140350877193,0.30210937499999996,1.0
0.0,0.0,0.0,0.0,0.0,0.3499264705882352,0.153968253968254,0.33909862229237264,0.36215517241379314,0.4039516129032258,0.0
1.0,0.0,0.0,0.0,0.0,0.43706349206349204,0.31049999999999994,0.31049999999999994,0.18993055555555555,0.33534471294489787,0.0
0.0,0.0,0.0,0.0,0.0,0.11215517241379316,0.3233610900480142,0.33909862229237264,0.3409740593084288,0.18316666666666662,0.0
0.0,0.0,0.0,0.0,0.0,0.4139516129032258,0.3233610900480142,0.31061403508771934,0.3409740593084288,0.3185384615384616,0.0
0.0,0.0,0.0,0.0,0.0,0.1856428571428571,0.3233610900480142,0.2256140350877194,0.3409740593084288,0.21307692307692308,0.0
0.0,0.0,0.0,0.0,1.0,0.3454095018301064,0.24948529411764714,0.24948529411764714,0.3409740593084288,0.5549264705882352,0.0
0.9508196721311475,0.0,0.11428571428571428,0.11428571428571428,0.0,0.48215517241379313,0.35206349206349197,0.40464285714285714,0.40464285714285714,0.4356140350877194,0.0
0.0,0.9508196721311475,0.0,0.0,0.1388888888888889,0.37483333333333324,0.4171551724137931,0.28706349206349197,0.4139516129032258,0.38868055555555564,0.0
0.0,0.0,0.0,0.0,0.0,0.2306140350877194,0.3233610900480142,0.33909862229237264,0.17492647058823518,0.12176923076923078,0.0
0.8450704225352113,0.0,0.0,0.0,0.0,0.4831666666666667,0.271,0.271,0.271,0.36396825396825394,0.0
0.0,0.0,0.0,0.0,0.0,0.3056140350877194,0.3233610900480142,0.16710937500000003,0.16710937500000003,0.11896825396825399,0.0
0.0,0.0,0.9692307692307692,0.0,0.0,0.3454095018301064,0.2899264705882352,0.573968253968254,0.3409740593084288,0.2795,0.0
0.06153846153846154,0.0,0.03076923076923077,0.03076923076923077,0.0,0.270859375,0.3499264705882352,0.3406153846153846,0.3406153846153846,0.38215517241379315,0.0
0.11267605633802817,0.9230769230769231,1.0,0.9692307692307692,0.9508196721311475,0.3555882352941176,0.4985833333333334,0.5699264705882352,0.44896825396825396,0.49715517241379314,0.0
0.0,0.06153846153846154,0.06153846153846154,1.0,0.0,0.4331666666666666,0.290546875,0.290546875,0.39992647058823516,0.33534471294489787,0.0
0.9508196721311475,1.0,0.8857142857142857,0.1388888888888889,0.0,0.5421551724137931,0.517063492063492,0.5539516129032258,0.29618055555555556,0.17561403508771942,0.0
0.0,0.0,0.0,0.0,0.0,0.3454095018301064,0.1942741935483871,0.34323529411764714,0.34323529411764714,0.2540845070422535,0.0
0.0,0.0,0.0,0.0,0.0,0.43061403508771934,0.4331666666666666,0.33909862229237264,0.32992647058823515,0.33534471294489787,0.0
0.0,0.0,0.0,1.0,0.03076923076923077,0.21382352941176466,0.21382352941176466,0.39858333333333335,0.39992647058823516,0.35123076923076924,0.0
0.8382352941176471,0.0,0.9230769230769231,0.0,0.0,0.47561403508771943,0.4331666666666666,0.4885833333333333,0.3549264705882352,0.33534471294489787,0.0
0.0,0.0,0.0,0.0,0.0,0.3454095018301064,0.17561403508771942,0.33909862229237264,0.3409740593084288,0.10896825396825398,0.0
1.0,0.11428571428571428,0.11428571428571428,0.0,0.0,0.397063492063492,0.34235714285714286,0.34235714285714286,0.44427419354838715,0.33534471294489787,0.0
0.0,0.0,0.0,0.03076923076923077,0.0,0.4331666666666666,0.39858333333333335,0.3049264705882352,0.28792307692307695,0.33534471294489787,0.0
0.0,0.0,0.0,0.0,0.0,0.4289516129032258,0.24427419354838711,0.17561403508771942,0.3409740593084288,0.11492647058823517,0.0
0.11428571428571428,0.0,0.0,0.16176470588235295,0.04225352112676056,0.23935714285714285,0.2677083333333333,0.2677083333333333,0.34617647058823536,0.2697183098591549,0.0
0.0,0.0,0.0,0.0,0.0,0.28080882352941183,0.3233610900480142,0.39858333333333335,0.3599264705882352,0.2177692307692308,0.0
0.0,0.0,1.0,0.0,0.9508196721311475,0.3454095018301064,0.3785833333333333,0.4699264705882352,0.39896825396825397,0.4721551724137932,0.0
0.0,0.0,0.9692307692307692,1.0,0.0,0.3385833333333333,0.3349264705882352,0.418968253968254,0.45983333333333326,0.17233333333333337,0.0
0.9692307692307692,1.0,0.9508196721311475,1.0,0.0,0.553968253968254,0.4498333333333332,0.5021551724137931,0.38206349206349194,0.44427419354838715,0.0
0.0,0.0,0.0,0.0,0.0,0.13992647058823518,0.11396825396825397,0.33909862229237264,0.11516666666666671,0.33534471294489787,0.0
0.0,0.0,0.0,0.0,0.0,0.3454095018301064,0.3233610900480142,0.33909862229237264,0.18061403508771937,0.14858333333333335,0.0
0.0,0.0,0.0,0.0,0.0,0.22549999999999998,0.22549999999999998,0.1942741935483871,0.3409740593084288,0.33534471294489787,0.0
0.1388888888888889,0.0,0.0,0.0,0.0,0.25312500000000004,0.28,0.28,0.3409740593084288,0.185,0.0
0.0,0.0,0.0,0.0,0.0,0.3454095018301064,0.3233610900480142,0.33909862229237264,0.3409740593084288,0.33534471294489787,0.0
0.0,0.0,0.0,0.8450704225352113,1.0,0.3454095018301064,0.3664705882352942,0.3664705882352942,0.4831666666666667,0.5849264705882351,0.0
0.0,0.0,0.0,0.8382352941176471,0.9230769230769231,0.21706349206349196,0.3233610900480142,0.33909862229237264,0.5106140350877194,0.5385833333333333,0.0
0.0,0.0,0.03278688524590164,0.03278688524590164,0.0,0.17300000000000001,0.21983333333333324,0.28966666666666674,0.28966666666666674,0.2739516129032258,0.0
0.01639344262295082,0.0,0.0,0.0,0.1388888888888889,0.14614754098360663,0.14206349206349195,0.3757857142857143,0.3757857142857143,0.24298611111111112,0.0
0.8450704225352113,0.9230769230769231,1.0,0.9692307692307692,0.9508196721311475,0.5231666666666666,0.6235833333333334,0.4749264705882352,0.608968253968254,0.592155172413793,1.0
1.0,0.9508196721311475,1.0,0.8857142857142857,0.0,0.5948333333333332,0.5221551724137932,0.507063492063492,0.593951612903226,0.19257352941176478,0.0
0.0,0.0,0.0,0.0,0.03076923076923077,0.23506944444444447,0.2806140350877194,0.33909862229237264,0.22358333333333333,0.3063846153846154,0.0
1.0,0.9508196721311475,1.0,0.11428571428571428,0.0,0.4898333333333332,0.4121551724137931,0.38206349206349194,0.4316428571428572,0.2397916666666667,0.0
0.0,0.8382352941176471,0.11267605633802817,0.11267605633802817,1.0,0.20631944444444447,0.5606140350877193,0.39323529411764707,0.39323529411764707,0.4749264705882352,0.0
0.0,0.06153846153846154,0.06153846153846154,1.0,0.03076923076923077,0.1881666666666666,0.19929687499999998,0.19929687499999998,0.5249264705882352,0.2762307692307692,0.0
0.0,0.0,0.0,0.0,0.015384615384615385,0.4692741935483872,0.22338235294117656,0.22338235294117656,0.3409740593084288,0.3352307692307692,0.0
0.0,0.0,0.0,0.0,0.11267605633802817,0.3454095018301064,0.3233610900480142,0.3378676470588236,0.3378676470588236,0.26088235294117645,0.0
0.0,0.11428571428571428,0.11428571428571428,0.0,0.0,0.12706349206349196,0.3096428571428571,0.3096428571428571,0.20243055555555556,0.17561403508771942,0.0
0.0,0.0,0.0,0.0,0.9692307692307692,0.20895833333333336,0.3056140350877194,0.33909862229237264,0.3409740593084288,0.45396825396825397,0.0
0.0,0.0,0.0,0.0,0.0,0.153671875,0.153671875,0.33909862229237264,0.3409740593084288,0.33534471294489787,0.0
0.0,1.0,0.0,0.0,0.03278688524590164,0.3454095018301064,0.40992647058823517,0.403968253968254,0.41483333333333317,0.3511666666666667,0.0
0.0,0.0,0.0,0.0,0.0,0.3454095018301064,0.3233610900480142,0.33909862229237264,0.28423611111111113,0.20061403508771938,0.0
0.0,1.0,0.0,0.1388888888888889,0.8382352941176471,0.24433333333333337,0.5370634920634919,0.4289516129032258,0.2636805555555556,0.5006140350877194,0.0
0.9508196721311475,0.0,0.0,0.0,0.0,0.4421551724137931,0.07706349206349197,0.17235714285714285,0.17235714285714285,0.1956140350877194,0.0
0.0,0.0,0.0,0.0,0.0,0.3454095018301064,0.3233610900480142,0.14292307692307693,0.14292307692307693,0.33534471294489787,0.0
0.0,0.11267605633802817,0.11267605633802817,0.0,0.0,0.3454095018301064,0.24470588235294116,0.24470588235294116,0.3409740593084288,0.33534471294489787,0.0
0.0,0.0,0.0,0.0,0.0,0.2575735294117648,0.2575735294117648,0.33909862229237264,0.31335937500000005,0.2899264705882352,0.0
1.0,0.0,0.0,0.0,0.0,0.43492647058823514,0.18396825396825398,0.37483333333333324,0.3409740593084288,0.29607142857142854,0.0
0.0,0.0,0.0,0.11428571428571428,0.0,0.20336065573770498,0.20336065573770498,0.297063492063492,0.3950714285714285,0.20451388888888888,0.0
0.0,0.8611111111111112,0.0,0.0,1.0,0.1839516129032258,0.49927419354838704,0.33909862229237264,0.3409740593084288,0.4999264705882352,0.0
0.0,0.0,0.0,0.0,0.0,0.19760563380281682,0.295859375,0.295859375,0.3849264705882352,0.12483333333333321,0.0
0.0,1.0,0.0,0.0,0.0,0.366796875,0.4799264705882352,0.358968253968254,0.41483333333333317,0.32706349206349195,0.0
0.0,0.0,0.0,0.0,0.0,0.12723076923076923,0.3233610900480142,0.11827868852459021,0.11827868852459021,0.33534471294489787,0.0
0.0,0.0,0.0,0.0,0.0,0.23335714285714285,0.23335714285714285,0.33909862229237264,0.2938235294117648,0.2831666666666666,0.0
0.8611111111111112,0.0,0.0,0.0,0.0,0.6292741935483871,0.3233610900480142,0.33909862229237264,0.3409740593084288,0.10896825396825398,0.0
0.0,0.9230769230769231,1.0,0.9692307692307692,0.9508196721311475,0.4331666666666666,0.48358333333333337,0.5749264705882352,0.48396825396825405,0.5421551724137931,0.0
0.9692307692307692,0.0,0.03278688524590164,0.03278688524590164,0.0,0.423968253968254,0.3233610900480142,0.3048333333333334,0.3048333333333334,0.33534471294489787,0.0
0.03278688524590164,0.03278688524590164,1.0,0.0,0.8382352941176471,0.34600000000000003,0.34600000000000003,0.377063492063492,0.4389516129032258,0.6056140350877194,1.0
0.0,1.0,0.0,0.0,0.0,0.18858333333333333,0.4249264705882352,0.233968253968254,0.3409740593084288,0.21666666666666673,0.0
0.0,0.8382352941176471,0.0,0.0,0.0,0.3454095018301064,0.47561403508771943,0.29882352941176465,0.29882352941176465,0.3499264705882352,0.0
0.0,0.0,0.0,0.0,0.0,0.19061403508771937,0.3233610900480142,0.22398437499999999,0.22398437499999999,0.24896825396825398,0.0
0.9508196721311475,1.0,1.0,1.0,0.0,0.4571551724137931,0.40706349206349196,0.46020208467210266,0.46996564357498527,0.21573529411764714,1.0
1.0,0.03278688524590164,0.03278688524590164,1.0,0.8611111111111112,0.49483333333333324,0.36883333333333335,0.36883333333333335,0.517063492063492,0.5192741935483871,0.0
0.0,0.0,0.8382352941176471,0.8450704225352113,1.0,0.29035714285714287,0.3233610900480142,0.6506140350877194,0.5781666666666666,0.43492647058823514,0.0
0.0,0.0,1.0,0.0,1.0,0.17710937499999999,0.17710937499999999,0.4199264705882352,0.1681538461538462,0.46483333333333315,0.0
0.0,0.0,0.16176470588235295,0.16176470588235295,0.06153846153846154,0.38395161290322577,0.2592741935483871,0.37279411764705894,0.37279411764705894,0.3764843749999999,0.0
0.0,0.0,0.0,0.0,0.0,0.3769285714285714,0.2825694444444445,0.2825694444444445,0.17561403508771942,0.1546923076923077,0.0
1.0,0.03076923076923077,0.03076923076923077,1.0,0.03278688524590164,0.4499264705882352,0.3494615384615385,0.3494615384615385,0.42483333333333323,0.17466666666666672,0.0
0.0,0.0,0.0,0.8382352941176471,0.0,0.4439516129032259,0.23298611111111112,0.23298611111111112,0.49061403508771934,0.20117647058823526,0.0
0.0,0.0,0.0,0.0,0.0,0.3454095018301064,0.42561403508771944,0.20316666666666663,0.39858333333333335,0.358968253968254,0.0
0.8450704225352113,0.9230769230769231,1.0,0.9692307692307692,0.9508196721311475,0.6331666666666665,0.5985833333333335,0.4699264705882352,0.608968253968254,0.49715517241379314,1.0
0.11428571428571428,0.11428571428571428,0.0,0.0,0.16176470588235295,0.27164285714285713,0.27164285714285713,0.2246527777777778,0.2246527777777778,0.34102941176470597,0.0
0.0,0.0,0.0,0.0,0.0,0.26576388888888897,0.27561403508771937,0.33909862229237264,0.3409740593084288,0.22396825396825398,0.0
0.8382352941176471,0.11267605633802817,0.11267605633802817,0.0,1.0,0.5906140350877195,0.3997058823529412,0.3997058823529412,0.287109375,0.41492647058823523,0.0
0.0,0.0,0.0,0.0,0.0,0.10896825396825398,0.3233610900480142,0.11215517241379316,0.3409740593084288,0.33534471294489787,0.0
0.11428571428571428,0.11428571428571428,0.0,0.0,0.0,0.3952142857142857,0.3952142857142857,0.3103472222222223,0.3103472222222223,0.33534471294489787,0.0
0.0,1.0,0.0,0.0,0.0,0.3454095018301064,0.4649264705882352,0.27396825396825397,0.3409740593084288,0.12706349206349196,0.0
0.9508196721311475,0.0,0.0,0.0,0.0,0.4571551724137931,0.367063492063492,0.4389516129032258,0.2320138888888889,0.29536764705882357,0.0
0.0,0.0,0.0,0.0,0.0,0.3454095018301064,0.3233610900480142,0.3499264705882352,0.3121538461538461,0.33534471294489787,0.0
0.0,0.0,0.0,0.0,0.0,0.14858333333333335,0.09992647058823519,0.11396825396825397,0.3409740593084288,0.20206349206349197,0.0
0.0,0.03278688524590164,0.03278688524590164,0.0,0.0,0.18983333333333322,0.26516666666666666,0.26516666666666666,0.33706349206349195,0.20707142857142852,0.0
1.0,0.0,0.8611111111111112,0.16176470588235295,0.8450704225352113,0.45206349206349195,0.4039516129032258,0.5192741935483871,0.31301470588235303,0.49316666666666664,1.0
0.03278688524590164,0.03278688524590164,1.0,0.8857142857142857,0.0,0.32183333333333336,0.32183333333333336,0.4320634920634919,0.4939516129032258,0.2674264705882354,0.0
0.0,0.0,0.0,0.0,0.0,0.3454095018301064,0.09992647058823519,0.10896825396825398,0.3409740593084288,0.33534471294489787,0.0
0.16176470588235295,0.0,0.9230769230769231,1.0,1.0,0.3638970588235295,0.36816666666666664,0.5235833333333334,0.43492647058823514,0.4798333333333332,0.0
0.0,0.0,0.0,0.0,0.0,0.3454095018301064,0.3233610900480142,0.3549264705882352,0.20396825396825397,0.17368852459016398,0.0
0.0,0.0,0.0,0.0,0.0,0.3454095018301064,0.22492647058823517,0.25396825396825395,0.3409740593084288,0.33534471294489787,0.0
1.0,0.0,1.0,0.0,0.8857142857142857,0.48992647058823524,0.38896825396825396,0.4348333333333333,0.36215517241379314,0.5539516129032258,0.0
0.8450704225352113,0.9230769230769231,1.0,0.9692307692307692,0.9508196721311475,0.5831666666666666,0.4985833333333334,0.5149264705882353,0.6039682539682539,0.5521551724137932,1.0
0.0,0.11428571428571428,0.11428571428571428,0.0,0.0,0.362063492063492,0.3727857142857143,0.3727857142857143,0.33784722222222224,0.43900383462312714,1.0
0.0,0.0,0.0,0.0,0.9692307692307692,0.44427419354838715,0.2806140350877194,0.33909862229237264,0.3409740593084288,0.423968253968254,0.0
0.0,0.0,0.0,0.0,0.0,0.09992647058823519,0.36396825396825394,0.33909862229237264,0.30715517241379314,0.15395161290322582,0.0
0.9692307692307692,0.0,0.9508196721311475,0.0,0.0,0.48396825396825405,0.4198333333333332,0.4721551724137932,0.22706349206349197,0.3372142857142857,0.0
0.0,0.0,0.0,1.0,1.0,0.29077464788732393,0.29077464788732393,0.39858333333333335,0.4499264705882352,0.4348333333333333,0.0
0.0,0.0,0.0,0.0,0.0,0.3454095018301064,0.11215517241379316,0.33909862229237264,0.2389516129032258,0.19895833333333335,0.0
0.11428571428571428,0.8611111111111112,0.16176470588235295,0.16176470588235295,0.9230769230769231,0.35235714285714287,0.49427419354838714,0.4197058823529413,0.4197058823529413,0.4485833333333334,1.0
0.1388888888888889,0.1388888888888889,0.0,0.0,0.0,0.38784722222222223,0.38784722222222223,0.24176470588235305,0.24176470588235305,0.218235294117647,0.0
0.0,0.0,0.0,0.0,0.16176470588235295,0.2985000000000001,0.2985000000000001,0.33909862229237264,0.3409740593084288,0.22705882352941187,0.0
0.0,0.0,0.16176470588235295,0.16176470588235295,0.11267605633802817,0.25020833333333337,0.25020833333333337,0.3645588235294118,0.3645588235294118,0.2805882352941176,0.0
1.0,0.03076923076923077,0.03076923076923077,1.0,0.03278688524590164,0.4999264705882352,0.388,0.388,0.44483333333333325,0.21550000000000005,0.0
0.0,0.11267605633802817,0.11267605633802817,0.0,0.0,0.3509558823529413,0.30705882352941166,0.30705882352941166,0.1735833333333333,0.29730769230769233,0.0
1.0,0.0,1.0,1.0,0.8450704225352113,0.4805151030758773,0.46289124562288403,0.46020208467210266,0.46996564357498527,0.49816666666666654,1.0
0.0,0.0,0.0,0.0,0.0,0.44427419354838715,0.17561403508771942,0.33909862229237264,0.3409740593084288,0.10896825396825398,0.0
0.8857142857142857,0.0,0.8382352941176471,0.8450704225352113,1.0,0.5239516129032259,0.3142741935483871,0.5256140350877194,0.5331666666666666,0.5349264705882352,0.0
0.0,1.0,0.0,1.0,1.0,0.4135833333333333,0.4749264705882352,0.368968253968254,0.4348333333333333,0.377063492063492,0.0
0.0,1.0,0.9692307692307692,0.0,0.0,0.39858333333333335,0.40492647058823517,0.41396825396825393,0.37483333333333324,0.10706349206349194,0.0
0.8382352941176471,0.0,0.0,0.9230769230769231,0.9692307692307692,0.5206140350877193,0.38941176470588235,0.38941176470588235,0.4735833333333334,0.473968253968254,0.0
0.0,0.0,0.0,0.0,0.0,0.3454095018301064,0.11215517241379316,0.33909862229237264,0.3409740593084288,0.33534471294489787,0.0
0.06153846153846154,1.0,0.9692307692307692,1.0,1.0,0.33898437499999995,0.40492647058823517,0.41396825396825393,0.5548333333333332,0.377063492063492,0.0
0.9230769230769231,0.0,0.0,0.0,0.0,0.4485833333333334,0.3233610900480142,0.33909862229237264,0.3409740593084288,0.07706349206349197,0.0
0.0,0.0,0.0,0.0,0.0,0.3454095018301064,0.3233610900480142,0.33909862229237264,0.2331666666666666,0.33534471294489787,0.0
0.0,0.0,0.0,1.0,0.0,0.18061403508771937,0.3233610900480142,0.33909862229237264,0.43492647058823514,0.33534471294489787,0.0
0.0,0.0,0.0,0.0,0.0,0.4039516129032258,0.25895833333333335,0.25895833333333335,0.24061403508771936,0.33534471294489787,0.0
0.03076923076923077,0.0,0.9508196721311475,0.0,0.1388888888888889,0.22915384615384618,0.37483333333333324,0.43215517241379314,0.197063492063492,0.29618055555555556,0.0
0.0,0.0,0.0,0.0,0.0,0.23298611111111112,0.25014705882352944,0.25014705882352944,0.3409740593084288,0.2599264705882352,0.0
0.03076923076923077,0.03076923076923077,0.0,0.0,0.0,0.2963846153846154,0.2963846153846154,0.39483333333333326,0.39715517241379317,0.42395161290322586,0.0
0.8450704225352113,0.9230769230769231,1.0,0.9692307692307692,0.0,0.4831666666666667,0.4935833333333333,0.4749264705882352,0.468968253968254,0.37715517241379315,0.0
0.0,0.0,0.0,0.8857142857142857,0.0,0.2940983606557378,0.2940983606557378,0.367063492063492,0.47395161290322585,0.19409722222222223,0.0
0.0,0.0,0.0,1.0,0.0,0.31061403508771934,0.3233610900480142,0.33909862229237264,0.5499264705882352,0.33534471294489787,0.0
1.0,0.0,0.0,0.0,0.0,0.422063492063492,0.4189516129032258,0.2642361111111111,0.2642361111111111,0.33534471294489787,0.0
1.0,0.0,0.0,0.0,0.0,0.40992647058823517,0.3233610900480142,0.16483333333333322,0.3409740593084288,0.19735714285714284,0.0
0.0,0.0,0.0,0.0,0.0,0.14858333333333335,0.3233610900480142,0.33909862229237264,0.3409740593084288,0.07706349206349197,0.0
0.9230769230769231,0.0,0.0,0.0,0.0,0.4735833333333334,0.3233610900480142,0.33909862229237264,0.3409740593084288,0.33534471294489787,0.0
0.0,0.0,0.0,0.8382352941176471,0.0,0.27706349206349196,0.15395161290322582,0.33909862229237264,0.47561403508771943,0.35704225352112673,0.0
1.0,0.0,0.0,0.0,0.0,0.4748333333333332,0.14491803278688528,0.14491803278688528,0.14491803278688528,0.4039516129032258,0.0
0.16176470588235295,0.0,0.0,1.0,0.03076923076923077,0.2899264705882354,0.4681666666666667,0.39858333333333335,0.5499264705882352,0.2927692307692308,0.0
0.0,0.0,1.0,0.0,0.0,0.27085937499999996,0.27085937499999996,0.41492647058823523,0.37396825396825395,0.36215517241379314,0.0
0.8611111111111112,0.0,0.8450704225352113,0.06153846153846154,0.0,0.5942741935483872,0.44061403508771935,0.4831666666666667,0.33898437499999995,0.3649264705882352,1.0
0.8857142857142857,0.0,0.0,0.0,0.0,0.5239516129032259,0.2732638888888889,0.2732638888888889,0.32561403508771936,0.16358333333333333,0.0
0.0,0.0,0.0,0.0,0.0,0.30423611111111115,0.30423611111111115,0.25183823529411775,0.25183823529411775,0.1997058823529411,0.0
0.03278688524590164,1.0,0.8857142857142857,0.1388888888888889,0.0,0.3448333333333334,0.5620634920634919,0.5539516129032258,0.26506944444444447,0.17561403508771942,0.0
0.0,0.0,1.0,0.9692307692307692,0.9508196721311475,0.38023437499999996,0.38023437499999996,0.4399264705882352,0.42896825396825394,0.5421551724137931,0.0
0.0,0.0,0.0,0.0,0.9692307692307692,0.28479166666666667,0.42561403508771944,0.22816666666666663,0.14858333333333335,0.5389682539682539,0.0
0.0,0.0,0.0,0.0,0.0,0.2499264705882352,0.10896825396825398,0.33909862229237264,0.11215517241379316,0.33534471294489787,0.0
0.8611111111111112,0.0,0.0,0.0,0.0,0.5392741935483871,0.3233610900480142,0.33909862229237264,0.3409740593084288,0.26896825396825397,0.0
1.0,0.9508196721311475,1.0,0.8857142857142857,0.0,0.4805151030758773,0.6121551724137934,0.577063492063492,0.6089516129032259,0.28875000000000006,1.0
1.0,0.03076923076923077,0.03076923076923077,1.0,1.0,0.4799264705882352,0.36292307692307696,0.36292307692307696,0.44483333333333325,0.48206349206349197,0.0
0.0,0.0,0.0,0.0,0.0,0.3454095018301064,0.3233610900480142,0.33909862229237264,0.3409740593084288,0.2395,0.0
1.0,0.0,0.0,0.0,0.0,0.447063492063492,0.4139516129032258,0.30368055555555556,0.30368055555555556,0.3406617647058824,0.0
1.0,0.9692307692307692,0.0,0.0,0.0,0.4999264705882352,0.423968253968254,0.3798333333333332,0.3409740593084288,0.33534471294489787,0.0
0.0,0.0,0.0,0.0,0.0,0.2165,0.25326388888888896,0.25326388888888896,0.2256140350877194,0.14858333333333335,0.0
0.9230769230769231,1.0,0.9692307692307692,1.0,1.0,0.4985833333333334,0.4999264705882352,0.433968253968254,0.46996564357498527,0.47706349206349197,1.0
0.9692307692307692,0.0,0.0,0.0,0.0,0.558968253968254,0.3233610900480142,0.33909862229237264,0.3409740593084288,0.33534471294489787,0.0
0.9692307692307692,1.0,0.9508196721311475,1.0,0.8611111111111112,0.533968253968254,0.5648333333333333,0.43215517241379314,0.502063492063492,0.5592741935483871,1.0
0.0,0.0,0.0,0.0,0.0,0.1942741935483871,0.25102941176470595,0.25102941176470595,0.4331666666666666,0.3599264705882352,0.0
0.0,0.0,0.0,0.0,0.03076923076923077,0.26911764705882346,0.17584615384615385,0.17584615384615385,0.17584615384615385,0.3046923076923077,0.0
1.0,0.9508196721311475,1.0,0.8857142857142857,0.0,0.4805151030758773,0.5771551724137932,0.567063492063492,0.4939516129032258,0.17561403508771942,1.0
1.0,0.0,1.0,0.0,0.0,0.5249264705882352,0.358968253968254,0.4548333333333332,0.2161666666666667,0.21706349206349196,0.0
1.0,0.11428571428571428,0.11428571428571428,0.0,0.8382352941176471,0.507063492063492,0.35807142857142854,0.35807142857142854,0.196875,0.5656140350877193,0.0
0.0,0.0,0.0,0.0,0.0,0.2765,0.2765,0.33909862229237264,0.1589516129032258,0.33534471294489787,0.0
0.9692307692307692,0.0,0.9508196721311475,0.0,0.0,0.5239682539682541,0.3233610900480142,0.4621551724137932,0.35206349206349197,0.3727857142857142,0.0
1.0,0.0,0.0,0.0,0.0,0.4805151030758773,0.46289124562288403,0.43061403508771934,0.2192957746478873,0.2192957746478873,1.0
0.0,0.1388888888888889,0.1388888888888889,0.16176470588235295,0.11267605633802817,0.4389516129032258,0.36076388888888894,0.36076388888888894,0.3887500000000001,0.365,0.0
0.0,0.0,0.0,0.0,0.11267605633802817,0.08206349206349195,0.15395161290322582,0.21145833333333336,0.21145833333333336,0.24617647058823525,0.0
0.015384615384615385,1.0,0.0,0.0,0.03278688524590164,0.17907692307692308,0.40992647058823517,0.3116153846153846,0.3116153846153846,0.12600000000000006,0.0
0.0,0.0,0.0,0.0,0.0,0.3454095018301064,0.4289516129032258,0.33909862229237264,0.30080882352941185,0.33534471294489787,0.0
1.0,0.0,1.0,1.0,0.8382352941176471,0.4805151030758773,0.46289124562288403,0.46020208467210266,0.46996564357498527,0.47561403508771943,1.0
0.0,0.0,1.0,0.9692307692307692,0.9508196721311475,0.153671875,0.153671875,0.4999264705882352,0.443968253968254,0.5421551724137931,0.0
0.0,0.0,0.0,0.0,0.0,0.3454095018301064,0.3233610900480142,0.33909862229237264,0.24061403508771936,0.33534471294489787,0.0
0.03278688524590164,0.03278688524590164,1.0,0.8857142857142857,0.0,0.1518333333333334,0.1518333333333334,0.427063492063492,0.46395161290322584,0.2170138888888889,0.0
1.0,0.0,1.0,0.8857142857142857,0.0,0.4398333333333332,0.46289124562288403,0.46020208467210266,0.4889516129032258,0.42561403508771944,1.0
1.0,0.9508196721311475,1.0,0.8857142857142857,0.0,0.4805151030758773,0.5071551724137932,0.577063492063492,0.5239516129032259,0.42561403508771944,1.0
0.0,0.0,0.8382352941176471,0.0,1.0,0.3349305555555555,0.3349305555555555,0.4806140350877193,0.44316666666666665,0.45992647058823516,0.0
0.0,1.0,0.11428571428571428,0.11428571428571428,0.8382352941176471,0.37215517241379314,0.48206349206349197,0.3552142857142857,0.3552142857142857,0.4856140350877194,0.0
0.16176470588235295,0.16176470588235295,0.0,0.0,1.0,0.38904411764705893,0.38904411764705893,0.24441176470588236,0.24441176470588236,0.5199264705882352,0.0
0.0,0.11428571428571428,0.11428571428571428,0.0,0.0,0.3454095018301064,0.23550000000000001,0.23550000000000001,0.29256944444444444,0.33534471294489787,0.0
0.0,0.0,0.01639344262295082,0.01639344262295082,1.0,0.37396825396825395,0.3898333333333332,0.19442622950819674,0.19442622950819674,0.567063492063492,1.0
1.0,0.0,0.9508196721311475,1.0,0.0,0.4805151030758773,0.46289124562288403,0.5871551724137932,0.40206349206349196,0.43900383462312714,1.0
0.9508196721311475,1.0,0.0,0.0,0.16176470588235295,0.4121551724137931,0.427063492063492,0.4439516129032259,0.25048611111111113,0.3856617647058824,0.0
0.0,1.0,0.9692307692307692,1.0,1.0,0.35858333333333337,0.5549264705882352,0.493968253968254,0.4498333333333332,0.5520634920634919,0.0
1.0,0.03076923076923077,0.03076923076923077,1.0,0.0,0.40492647058823517,0.12192307692307694,0.12192307692307694,0.44483333333333325,0.12918032786885253,0.0
0.9692307692307692,0.0,1.0,1.0,0.11428571428571428,0.45396825396825397,0.46289124562288403,0.46020208467210266,0.577063492063492,0.37349999999999994,1.0
1.0,0.0,0.0,0.0,0.0,0.4805151030758773,0.46289124562288403,0.18316666666666662,0.3063076923076923,0.3063076923076923,1.0
0.01639344262295082,0.01639344262295082,1.0,0.0,0.0,0.3089344262295082,0.3089344262295082,0.387063492063492,0.20892857142857144,0.2577083333333333,0.0
0.0,0.8450704225352113,1.0,1.0,0.0,0.45561403508771925,0.4831666666666667,0.46020208467210266,0.4699264705882352,0.43900383462312714,1.0
1.0,0.0,0.0,1.0,0.03278688524590164,0.5249264705882352,0.18507692307692308,0.18507692307692308,0.4798333333333332,0.24666666666666667,0.0
0.8450704225352113,0.9230769230769231,1.0,0.9692307692307692,0.9508196721311475,0.6831666666666665,0.5985833333333335,0.5749264705882352,0.593968253968254,0.5471551724137932,1.0
0.0,0.0,0.8450704225352113,0.0,0.0,0.3454095018301064,0.3233610900480142,0.49316666666666664,0.3409740593084288,0.33534471294489787,0.0
0.0,0.0,0.0,1.0,0.0,0.3454095018301064,0.3233610900480142,0.33909862229237264,0.45492647058823515,0.19223076923076926,0.0
0.0,0.0,0.0,0.0,0.0,0.2106140350877194,0.3233610900480142,0.24742187499999999,0.24742187499999999,0.22830769230769232,0.0
0.16176470588235295,0.04225352112676056,0.04225352112676056,0.04225352112676056,1.0,0.35683823529411773,0.34591549295774643,0.34591549295774643,0.34591549295774643,0.4399264705882352,1.0
0.0,0.0,0.9230769230769231,1.0,0.0,0.42561403508771944,0.44316666666666665,0.5985833333333335,0.5199264705882352,0.43900383462312714,1.0
0.0,0.0,0.0,0.0,0.0,0.23858333333333331,0.3649264705882352,0.343968253968254,0.3409740593084288,0.272063492063492,0.0
0.9692307692307692,0.0,0.9508196721311475,1.0,0.8611111111111112,0.558968253968254,0.46289124562288403,0.45215517241379316,0.397063492063492,0.564274193548387,1.0
0.0,0.0,0.8857142857142857,0.8611111111111112,0.0,0.3454095018301064,0.3233610900480142,0.6189516129032258,0.5542741935483871,0.35816666666666663,0.0
1.0,0.0,0.0,0.0,0.11428571428571428,0.4348333333333333,0.1832786885245902,0.1832786885245902,0.1832786885245902,0.43549999999999994,0.0
0.0,0.9508196721311475,0.0,0.0,0.0,0.3454095018301064,0.4121551724137931,0.32706349206349195,0.4039516129032258,0.3357638888888889,0.0
0.0,0.0,0.0,0.0,0.0,0.3587704918032787,0.3587704918032787,0.3587704918032787,0.08706349206349193,0.23264285714285712,0.0
0.0,0.0,0.0,0.0,0.0,0.3454095018301064,0.14706349206349198,0.33909862229237264,0.2292741935483871,0.3540441176470589,0.0
0.03076923076923077,1.0,0.0,0.0,0.11428571428571428,0.26569230769230767,0.4298333333333332,0.40215517241379317,0.28706349206349197,0.37007142857142855,0.0
0.0,0.0,0.0,0.0,0.0,0.10896825396825398,0.3233610900480142,0.14715517241379317,0.3409740593084288,0.33534471294489787,0.0
0.9692307692307692,0.0,0.9508196721311475,1.0,0.0,0.423968253968254,0.3233610900480142,0.4371551724137932,0.397063492063492,0.2602142857142857,0.0
0.0,0.0,0.9508196721311475,1.0,0.0,0.12396825396825398,0.3233610900480142,0.4621551724137932,0.447063492063492,0.33534471294489787,0.0
0.8857142857142857,0.1388888888888889,0.1388888888888889,0.16176470588235295,0.0,0.4539516129032258,0.2720138888888889,0.2720138888888889,0.3597058823529412,0.33534471294489787,0.0
0.04225352112676056,0.04225352112676056,0.04225352112676056,0.0,0.03076923076923077,0.3145070422535211,0.3145070422535211,0.3145070422535211,0.1735833333333333,0.3712307692307692,0.0
0.0,0.0,0.0,0.0,0.0,0.39858333333333335,0.3849264705882352,0.368968253968254,0.3409740593084288,0.07706349206349197,0.0
0.03278688524590164,0.03278688524590164,1.0,0.11428571428571428,0.0,0.30583333333333346,0.30583333333333346,0.4670634920634919,0.3350714285714285,0.33534471294489787,0.0
0.8857142857142857,0.0,0.0,0.0,1.0,0.5339516129032258,0.44427419354838715,0.42561403508771944,0.4331666666666666,0.40492647058823517,1.0
0.04225352112676056,0.04225352112676056,0.9230769230769231,1.0,1.0,0.3507042253521126,0.3507042253521126,0.4735833333333334,0.40492647058823517,0.44483333333333325,0.0
0.0,0.0,0.0,0.0,0.0,0.3454095018301064,0.09992647058823519,0.153968253968254,0.3409740593084288,0.33534471294489787,0.0
0.0,0.0,0.9508196721311475,1.0,0.0,0.39896825396825397,0.37483333333333324,0.4871551724137932,0.547063492063492,0.2692741935483871,0.0
0.0,0.0,0.0,0.0,0.0,0.3454095018301064,0.3233610900480142,0.33909862229237264,0.3409740593084288,0.297279411764706,0.0
0.0,0.0,0.0,0.16176470588235295,0.0,0.3454095018301064,0.3233610900480142,0.33909862229237264,0.3495588235294118,0.33534471294489787,0.0
0.9230769230769231,0.0,0.0,0.0,0.01639344262295082,0.4485833333333334,0.11492647058823517,0.11284615384615386,0.11284615384615386,0.17942622950819676,0.0
1.0,0.9508196721311475,0.0,0.8857142857142857,0.0,0.4398333333333332,0.4121551724137931,0.34206349206349196,0.47395161290322585,0.29923611111111115,0.0
0.0,0.0,0.0,0.8382352941176471,0.0,0.3454095018301064,0.3233610900480142,0.33909862229237264,0.6106140350877194,0.40858333333333335,0.0
0.8611111111111112,0.0,0.0,0.0,0.0,0.5392741935483871,0.2256140350877194,0.33909862229237264,0.3409740593084288,0.378968253968254,0.0
0.03076923076923077,0.03076923076923077,0.0,0.9508196721311475,0.8857142857142857,0.3252307692307692,0.3252307692307692,0.4198333333333332,0.43215517241379314,0.5039516129032258,0.0
0.0,0.0,0.0,0.8450704225352113,1.0,0.3789516129032258,0.3233610900480142,0.42561403508771944,0.5531666666666666,0.5349264705882352,0.0
0.9508196721311475,0.0,0.8857142857142857,0.8611111111111112,0.8450704225352113,0.4721551724137932,0.367063492063492,0.47395161290322585,0.564274193548387,0.4831666666666667,1.0
0.0,0.0,0.0,0.0,0.0,0.21409722222222224,0.21409722222222224,0.33909862229237264,0.20816666666666658,0.33534471294489787,0.0
0.0,0.0,0.0,0.0,0.0,0.39858333333333335,0.3233610900480142,0.33909862229237264,0.4048333333333332,0.33534471294489787,0.0
0.0,0.0,0.0,0.0,0.8382352941176471,0.18155737704918035,0.3233610900480142,0.39478571428571424,0.39478571428571424,0.6156140350877195,0.0
1.0,0.0,0.0,1.0,0.0,0.4805151030758773,0.46289124562288403,0.38483333333333325,0.46996564357498527,0.43900383462312714,1.0
0.0,0.16176470588235295,0.16176470588235295,0.0,1.0,0.4842741935483871,0.360514705882353,0.360514705882353,0.3409740593084288,0.4849264705882351,0.0
0.0,0.0,0.9508196721311475,1.0,0.1388888888888889,0.2263846153846154,0.37483333333333324,0.43215517241379314,0.38206349206349194,0.2703472222222223,0.0
0.0,0.0,0.0,0.0,0.0,0.22909722222222223,0.22909722222222223,0.23561403508771941,0.3409740593084288,0.1499264705882352,0.0
0.0,0.0,1.0,0.0,0.0,0.3454095018301064,0.3233610900480142,0.5598333333333332,0.3409740593084288,0.4039516129032258,0.0
0.0,0.8382352941176471,0.0,0.9230769230769231,0.9692307692307692,0.2242741935483871,0.5556140350877193,0.4631666666666666,0.46358333333333335,0.573968253968254,0.0
0.8450704225352113,0.9230769230769231,1.0,0.9692307692307692,0.9508196721311475,0.5581666666666666,0.5435833333333333,0.5699264705882352,0.48896825396825394,0.4871551724137932,1.0
0.8382352941176471,0.8450704225352113,0.9230769230769231,1.0,0.0,0.5606140350877193,0.5031666666666667,0.4985833333333334,0.39992647058823516,0.33534471294489787,0.0
0.0,0.0,0.0,0.0,0.0,0.37396825396825395,0.3233610900480142,0.36715517241379314,0.23206349206349194,0.2297916666666667,0.0
0.0,0.015384615384615385,0.015384615384615385,0.015384615384615385,0.03076923076923077,0.20492957746478868,0.19423076923076923,0.19423076923076923,0.19423076923076923,0.33907692307692305,0.0
0.0,1.0,0.03076923076923077,0.03076923076923077,0.0,0.21192307692307694,0.5199264705882352,0.3251538461538462,0.3251538461538462,0.3543442622950821,0.0
0.0,0.0,0.0,0.0,0.0,0.3454095018301064,0.3233610900480142,0.33909862229237264,0.22691176470588242,0.19316666666666663,0.0
0.0,0.0,1.0,0.9692307692307692,0.9508196721311475,0.3431666666666667,0.21358333333333332,0.5099264705882351,0.493968253968254,0.4421551724137931,0.0
0.0,0.8382352941176471,0.0,0.0,0.0,0.44427419354838715,0.5506140350877194,0.33909862229237264,0.3409740593084288,0.338968253968254,0.0
0.8857142857142857,0.8611111111111112,1.0,1.0,0.0,0.5439516129032258,0.5192741935483871,0.46020208467210266,0.46996564357498527,0.3649264705882352,1.0
0.0,0.0,0.0,0.0,0.0,0.3349264705882352,0.368968253968254,0.33909862229237264,0.2423333333333334,0.33534471294489787,0.0
0.0,0.0,1.0,0.03076923076923077,0.0,0.153671875,0.153671875,0.5599264705882352,0.25123076923076926,0.12483333333333321,0.0
0.0,0.0,0.0,0.0,0.0,0.2697692307692308,0.3749264705882352,0.33909862229237264,0.3409740593084288,0.07706349206349197,0.0
1.0,0.9692307692307692,0.0,0.9508196721311475,0.8857142857142857,0.4849264705882351,0.423968253968254,0.37483333333333324,0.4921551724137931,0.4539516129032258,0.0
0.0,0.0,0.8382352941176471,0.0,1.0,0.2039516129032258,0.3233610900480142,0.5056140350877193,0.4331666666666666,0.5499264705882352,0.0
0.8450704225352113,0.9230769230769231,1.0,0.9692307692307692,0.9508196721311475,0.4881666666666666,0.48358333333333337,0.40492647058823517,0.553968253968254,0.43215517241379314,0.0
1.0,0.0,1.0,0.0,0.0,0.41492647058823523,0.3233610900480142,0.42483333333333323,0.3409740593084288,0.33534471294489787,0.0
0.8857142857142857,0.1388888888888889,0.1388888888888889,0.8382352941176471,0.06153846153846154,0.4539516129032258,0.26173611111111117,0.26173611111111117,0.47561403508771943,0.188984375,0.0
0.0,0.0,1.0,0.0,0.0,0.3454095018301064,0.27358333333333335,0.39992647058823516,0.17415384615384616,0.3898333333333332,0.0
0.11428571428571428,0.0,0.8382352941176471,0.0,1.0,0.36421428571428566,0.4692741935483872,0.5906140350877195,0.4331666666666666,0.41492647058823523,0.0
0.8382352941176471,0.04225352112676056,0.04225352112676056,0.04225352112676056,0.015384615384615385,0.47561403508771943,0.34507042253521125,0.34507042253521125,0.34507042253521125,0.2133076923076923,0.0
0.0,0.0,0.0,0.0,0.9692307692307692,0.34119718309859154,0.34119718309859154,0.34119718309859154,0.39858333333333335,0.418968253968254,0.0
0.0,0.0,0.0,0.0,0.0,0.3454095018301064,0.36715517241379314,0.372063492063492,0.3189516129032259,0.2157638888888889,0.0
0.01639344262295082,0.01639344262295082,1.0,0.0,0.8611111111111112,0.22811475409836074,0.22811475409836074,0.44206349206349194,0.36864285714285716,0.5542741935483871,0.0
0.0,0.0,0.0,0.0,0.0,0.3454095018301064,0.15395161290322582,0.18993055555555555,0.18993055555555555,0.3165441176470589,0.0
0.0,0.0,0.0,0.0,0.0,0.128968253968254,0.3233610900480142,0.17215517241379316,0.3409740593084288,0.33534471294489787,0.0
1.0,0.9692307692307692,0.0,0.0,0.0,0.39992647058823516,0.443968253968254,0.33909862229237264,0.36715517241379314,0.4339516129032258,0.0
0.9508196721311475,1.0,0.8857142857142857,0.8611111111111112,0.8450704225352113,0.4621551724137932,0.377063492063492,0.48395161290322586,0.49427419354838714,0.49816666666666654,0.0
1.0,0.8857142857142857,0.1388888888888889,0.1388888888888889,0.04225352112676056,0.377063492063492,0.4889516129032258,0.25756944444444446,0.25756944444444446,0.3579577464788732,0.0
0.0,0.0,0.0,0.9508196721311475,0.11428571428571428,0.3499264705882352,0.37396825396825395,0.37483333333333324,0.4221551724137932,0.3575,0.0
0.0,0.01639344262295082,0.01639344262295082,0.01639344262295082,0.0,0.3454095018301064,0.1629508196721312,0.1629508196721312,0.1629508196721312,0.24164285714285713,0.0
0.0,0.0,0.0,0.0,0.0,0.17561403508771942,0.3233610900480142,0.33909862229237264,0.3699264705882352,0.33534471294489787,0.0
0.0,0.0,0.0,0.9230769230769231,0.0,0.3454095018301064,0.3233610900480142,0.33909862229237264,0.4485833333333334,0.126,0.0
0.0,0.0,0.0,0.0,0.0,0.3454095018301064,0.23384615384615387,0.23384615384615387,0.23384615384615387,0.18830769230769231,0.0
1.0,0.0,1.0,1.0,0.16176470588235295,0.4805151030758773,0.46289124562288403,0.46020208467210266,0.46996564357498527,0.3527941176470589,1.0
0.8382352941176471,0.0,0.0,0.9230769230769231,0.9692307692307692,0.5306140350877193,0.20352941176470585,0.20352941176470585,0.5235833333333334,0.40896825396825404,0.0
1.0,0.0,0.0,0.0,0.0,0.4298333333333332,0.3233610900480142,0.33909862229237264,0.3409740593084288,0.3371527777777778,0.0
0.0,0.0,0.0,0.04225352112676056,0.04225352112676056,0.3454095018301064,0.1942741935483871,0.44061403508771935,0.2454929577464788,0.2454929577464788,0.0
0.0,0.0,0.0,0.0,0.0,0.3454095018301064,0.30821428571428566,0.30821428571428566,0.3409740593084288,0.33534471294489787,0.0
0.8857142857142857,0.0,0.0,0.8382352941176471,0.9230769230769231,0.49895161290322587,0.20381944444444444,0.20381944444444444,0.6206140350877193,0.48358333333333337,0.0
0.0,0.0,0.11267605633802817,0.11267605633802817,0.0,0.2485416666666667,0.42561403508771944,0.25794117647058823,0.25794117647058823,0.3699264705882352,0.0
0.0,0.0,0.0,0.0,0.0,0.22992647058823518,0.133968253968254,0.33909862229237264,0.11215517241379316,0.33534471294489787,0.0
0.0,0.8382352941176471,0.8450704225352113,0.0,0.9692307692307692,0.3454095018301064,0.5756140350877195,0.6331666666666665,0.4035833333333333,0.4639682539682539,0.0
0.0,0.0,0.0,0.0,0.8382352941176471,0.3454095018301064,0.3233610900480142,0.33909862229237264,0.3409740593084288,0.6756140350877196,0.0
0.0,0.0,0.0,0.0,1.0,0.4339516129032258,0.44427419354838715,0.42561403508771944,0.4581666666666666,0.4699264705882352,0.0
0.06153846153846154,0.06153846153846154,1.0,0.0,0.0,0.20054687499999999,0.20054687499999999,0.4399264705882352,0.3409740593084288,0.33534471294489787,0.0
0.0,0.0,0.0,0.0,0.0,0.11215517241379316,0.3233610900480142,0.33909862229237264,0.3409740593084288,0.33534471294489787,0.0
0.0,0.0,0.0,0.0,0.0,0.35206349206349197,0.3455,0.3455,0.4892741935483871,0.33534471294489787,0.0
0.8382352941176471,0.8450704225352113,0.9230769230769231,1.0,1.0,0.47561403508771943,0.5631666666666666,0.5585833333333333,0.5299264705882352,0.5398333333333333,1.0
0.0,0.9230769230769231,1.0,0.9692307692307692,0.9508196721311475,0.3077464788732394,0.4985833333333334,0.4999264705882352,0.593968253968254,0.4571551724137931,1.0
0.11267605633802817,0.11267605633802817,0.0,1.0,0.0,0.4273529411764706,0.4273529411764706,0.39858333333333335,0.4999264705882352,0.29423076923076924,0.0
0.16176470588235295,0.16176470588235295,0.8450704225352113,0.9230769230769231,0.0,0.4423529411764707,0.4423529411764707,0.6581666666666666,0.5435833333333333,0.368968253968254,0.0
1.0,0.0,0.0,0.0,0.8450704225352113,0.40706349206349196,0.21964285714285714,0.21964285714285714,0.3409740593084288,0.5131666666666665,0.0
0.0,0.0,0.0,0.0,0.0,0.3050735294117648,0.3233610900480142,0.42358333333333337,0.37992647058823514,0.27284615384615385,0.0
0.0,0.0,0.0,0.0,0.0,0.3454095018301064,0.3233610900480142,0.09992647058823519,0.10896825396825398,0.11215517241379316,0.0
0.0,0.8382352941176471,0.0,0.0,0.0,0.3454095018301064,0.5256140350877194,0.21816666666666662,0.15358333333333332,0.20896825396825397,0.0
0.0,1.0,0.0,0.0,0.0,0.3454095018301064,0.4649264705882352,0.33909862229237264,0.3409740593084288,0.33534471294489787,0.0
0.0,0.0,0.0,0.8382352941176471,0.04225352112676056,0.35706349206349197,0.40895161290322585,0.4542741935483871,0.5006140350877194,0.20950704225352107,0.0
0.0,0.0,0.0,0.0,0.0,0.3499264705882352,0.10896825396825398,0.33909862229237264,0.11566666666666672,0.33534471294489787,0.0
0.9230769230769231,1.0,0.9692307692307692,0.0,1.0,0.48358333333333337,0.5499264705882352,0.608968253968254,0.38483333333333325,0.507063492063492,0.0
0.0,0.8382352941176471,0.0,0.0,0.0,0.3454095018301064,0.4856140350877194,0.2659859154929577,0.2659859154929577,0.366796875,0.0
1.0,0.0,1.0,1.0,0.0,0.4805151030758773,0.46289124562288403,0.46020208467210266,0.46996564357498527,0.43900383462312714,1.0
0.0,0.0,0.8382352941176471,0.11267605633802817,0.9230769230769231,0.25340277777777775,0.25340277777777775,0.49061403508771934,0.4035294117647058,0.48358333333333337,0.0
0.03076923076923077,1.0,0.9508196721311475,1.0,0.1388888888888889,0.22961538461538464,0.49983333333333324,0.4621551724137932,0.43706349206349204,0.2471527777777778,0.0
0.9508196721311475,1.0,0.8857142857142857,0.8611111111111112,0.0,0.4871551724137932,0.527063492063492,0.5339516129032258,0.5592741935483871,0.26779411764705885,1.0
0.0,0.0,0.0,0.0,0.9230769230769231,0.281875,0.281875,0.24007352941176477,0.24007352941176477,0.5635833333333334,0.0
0.0,0.0,0.0,0.16176470588235295,0.0,0.3454095018301064,0.26395161290322583,0.1942741935483871,0.3052205882352942,0.33534471294489787,0.0
0.0,0.8450704225352113,0.06153846153846154,0.06153846153846154,0.9692307692307692,0.40698529411764717,0.4831666666666667,0.177109375,0.177109375,0.553968253968254,0.0
0.0,0.0,0.0,0.0,0.0,0.22784722222222223,0.22784722222222223,0.3075735294117648,0.3075735294117648,0.4385833333333333,0.0
0.8611111111111112,0.0,0.0,0.0,0.0,0.49427419354838714,0.17561403508771942,0.33909862229237264,0.14858333333333335,0.10896825396825398,0.0
0.0,0.0,0.0,0.0,0.0,0.21349999999999997,0.21349999999999997,0.1942741935483871,0.17933823529411774,0.33534471294489787,0.0
0.0,0.0,0.0,0.0,0.0,0.3454095018301064,0.22492647058823517,0.11396825396825397,0.3409740593084288,0.33534471294489787,0.0
0.015384615384615385,1.0,0.9692307692307692,1.0,1.0,0.23561538461538462,0.5549264705882352,0.608968253968254,0.5898333333333332,0.577063492063492,0.0
0.0,0.0,0.0,0.0,0.0,0.3454095018301064,0.23647058823529407,0.23647058823529407,0.3409740593084288,0.33534471294489787,0.0
0.8857142857142857,0.8611111111111112,0.0,0.0,1.0,0.6139516129032258,0.5092741935483871,0.20561403508771936,0.3409740593084288,0.4849264705882351,0.0
0.0,0.0,0.0,0.0,0.0,0.22382352941176467,0.22382352941176467,0.39858333333333335,0.3409740593084288,0.33534471294489787,0.0
0.0,0.0,0.0,1.0,0.0,0.2306140350877194,0.3233610900480142,0.1735833333333333,0.4799264705882352,0.15323076923076925,0.0
0.0,0.0,0.0,0.0,0.0,0.34064285714285714,0.34064285714285714,0.18993055555555555,0.18993055555555555,0.18316666666666662,0.0
0.0,0.0,1.0,0.0,1.0,0.3454095018301064,0.3233610900480142,0.4499264705882352,0.23230769230769233,0.45983333333333326,0.0
0.03076923076923077,0.03076923076923077,0.0,0.03278688524590164,1.0,0.3351538461538462,0.3351538461538462,0.2298333333333332,0.21833333333333335,0.43706349206349204,0.0
0.0,1.0,0.0,0.0,0.0,0.27085937499999996,0.4799264705882352,0.36396825396825394,0.3409740593084288,0.362063492063492,0.0
0.0,0.0,1.0,0.0,0.0,0.3454095018301064,0.39858333333333335,0.40492647058823517,0.2636923076923077,0.33534471294489787,0.0
0.0,0.0,0.0,0.0,1.0,0.2092741935483871,0.3233610900480142,0.4302941176470589,0.4302941176470589,0.4499264705882352,0.0
0.03278688524590164,0.0,0.0,0.0,0.0,0.18450000000000005,0.24206349206349195,0.1919285714285714,0.1919285714285714,0.29561403508771933,0.0
0.0,0.0,0.16176470588235295,0.16176470588235295,0.0,0.3454095018301064,0.3233610900480142,0.32345588235294126,0.32345588235294126,0.31176056338028163,0.0
0.0,0.0,0.0,0.0,1.0,0.41061403508771943,0.19617647058823523,0.19617647058823523,0.153671875,0.4249264705882352,0.0
0.0,0.0,0.16176470588235295,0.16176470588235295,0.06153846153846154,0.28878571428571426,0.3233610900480142,0.2254411764705883,0.2254411764705883,0.3696093750000001,0.0
0.8857142857142857,0.1388888888888889,0.1388888888888889,0.0,0.0,0.48395161290322586,0.3588194444444445,0.3588194444444445,0.22227941176470595,0.43900383462312714,1.0
0.0,0.0,0.03076923076923077,0.03076923076923077,0.01639344262295082,0.2552307692307692,0.3949264705882352,0.13053846153846155,0.13053846153846155,0.12877049180327876,0.0
0.0,0.0,0.0,0.0,0.0,0.11215517241379316,0.3233610900480142,0.33909862229237264,0.3409740593084288,0.33534471294489787,0.0
0.11428571428571428,0.11428571428571428,0.8611111111111112,0.16176470588235295,0.0,0.3533571428571428,0.3533571428571428,0.5542741935483871,0.36382352941176477,0.4381666666666666,1.0
0.0,0.0,0.03076923076923077,0.03076923076923077,0.9508196721311475,0.25492187499999996,0.3499264705882352,0.22961538461538464,0.22961538461538464,0.4571551724137931,0.0
0.0,0.0,0.0,0.0,0.8382352941176471,0.11933333333333339,0.11933333333333339,0.33909862229237264,0.3589516129032258,0.5706140350877194,0.0
0.8857142857142857,0.0,0.8382352941176471,0.11267605633802817,0.06153846153846154,0.4689516129032258,0.1942741935483871,0.5856140350877194,0.38352941176470584,0.22867187500000005,0.0
0.9508196721311475,1.0,0.8857142857142857,0.8611111111111112,0.0,0.5371551724137932,0.577063492063492,0.6239516129032259,0.5042741935483871,0.4681666666666667,0.0
0.0,0.0,0.06153846153846154,0.06153846153846154,0.03076923076923077,0.22021126760563373,0.22021126760563373,0.19335937499999997,0.19335937499999997,0.12538461538461537,0.0
0.0,0.0,0.0,0.0,1.0,0.1929577464788732,0.1929577464788732,0.1929577464788732,0.389609375,0.4449264705882352,0.0
0.9230769230769231,1.0,0.9692307692307692,0.0,1.0,0.4535833333333332,0.4699264705882352,0.423968253968254,0.3409740593084288,0.577063492063492,0.0
0.0,0.0,1.0,0.8857142857142857,0.0,0.37483333333333324,0.3233610900480142,0.43706349206349204,0.49895161290322587,0.256875,0.0
1.0,0.0,1.0,0.11428571428571428,0.0,0.4548333333333332,0.3233610900480142,0.5720634920634919,0.40235714285714286,0.196875,0.0
0.8857142857142857,0.1388888888888889,0.1388888888888889,0.8382352941176471,0.0,0.4689516129032258,0.2886805555555556,0.2886805555555556,0.4856140350877194,0.33943661971830985,0.0
0.0,0.0,0.0,0.0,0.0,0.3454095018301064,0.2606140350877194,0.33909862229237264,0.14858333333333335,0.33415384615384613,0.0
0.03076923076923077,0.03076923076923077,0.0,0.0,0.0,0.31438461538461543,0.31438461538461543,0.33909862229237264,0.27303278688524596,0.27303278688524596,0.0
0.0,0.0,0.0,0.0,0.03076923076923077,0.31705882352941184,0.31705882352941184,0.33909862229237264,0.30358333333333337,0.32423076923076927,0.0
0.0,0.9230769230769231,0.0,0.9692307692307692,0.01639344262295082,0.21816666666666662,0.47858333333333325,0.3649264705882352,0.40896825396825404,0.24983606557377058,0.0
1.0,0.0,0.1388888888888889,0.1388888888888889,0.0,0.507063492063492,0.4389516129032258,0.34062500000000007,0.34062500000000007,0.33534471294489787,0.0
0.0,0.0,0.0,0.0,0.0,0.15395161290322582,0.1942741935483871,0.18561403508771937,0.3409740593084288,0.17992647058823516,0.0
0.0,0.0,0.0,0.0,0.16176470588235295,0.3454095018301064,0.18715517241379315,0.33909862229237264,0.3409740593084288,0.392279411764706,0.0
0.16176470588235295,0.16176470588235295,0.8450704225352113,0.9230769230769231,0.9692307692307692,0.3687500000000001,0.3687500000000001,0.49816666666666654,0.48358333333333337,0.41396825396825393,1.0
0.0,0.0,0.0,0.0,0.0,0.3056140350877194,0.3233610900480142,0.233359375,0.233359375,0.263968253968254,0.0
1.0,0.8857142857142857,0.0,0.0,0.0,0.5520634920634919,0.5039516129032258,0.2721527777777778,0.2721527777777778,0.33534471294489787,0.0
0.0,0.0,1.0,0.0,0.0,0.2981666666666666,0.27858333333333335,0.40492647058823517,0.34407692307692306,0.37483333333333324,0.0
0.0,0.0,0.0,0.0,1.0,0.46561403508771937,0.2149295774647887,0.2149295774647887,0.2149295774647887,0.5999264705882352,0.0
0.0,0.0,0.0,0.0,0.0,0.3454095018301064,0.14858333333333335,0.3749264705882352,0.25396825396825395,0.17200000000000007,0.0
1.0,0.8857142857142857,0.0,0.0,0.0,0.577063492063492,0.47895161290322574,0.44427419354838715,0.1956140350877194,0.33534471294489787,0.0
1.0,0.0,0.0,0.0,0.9230769230769231,0.44206349206349194,0.3233610900480142,0.33909862229237264,0.3409740593084288,0.5035833333333333,0.0
0.0,0.0,0.0,0.0,0.0,0.2647916666666667,0.2647916666666667,0.19061403508771937,0.3409740593084288,0.3699264705882352,0.0
0.0,0.0,0.0,0.03278688524590164,1.0,0.3649264705882352,0.37396825396825395,0.37483333333333324,0.21216666666666673,0.527063492063492,0.0
0.0,0.0,0.0,0.0,1.0,0.19757352941176476,0.3233610900480142,0.31861538461538463,0.31861538461538463,0.4449264705882352,0.0
0.9230769230769231,1.0,0.9692307692307692,0.0,0.0,0.5485833333333334,0.4299264705882352,0.553968253968254,0.3409740593084288,0.34206349206349196,0.0
0.0,0.0,0.9692307692307692,0.0,0.0,0.18358333333333335,0.3649264705882352,0.41396825396825393,0.3409740593084288,0.33534471294489787,0.0
0.0,0.0,0.8382352941176471,0.8450704225352113,0.0,0.1939516129032258,0.3233610900480142,0.6106140350877194,0.5431666666666667,0.19585937500000003,0.0
1.0,0.8857142857142857,0.0,0.0,0.0,0.507063492063492,0.4689516129032258,0.38201388888888893,0.38201388888888893,0.33534471294489787,0.0
0.8382352941176471,0.0,0.0,0.0,0.0,0.5406140350877193,0.44316666666666665,0.39858333333333335,0.3409740593084288,0.37483333333333324,0.0
0.0,0.0,0.0,0.0,0.8857142857142857,0.3454095018301064,0.3233610900480142,0.33909862229237264,0.3409740593084288,0.47395161290322585,0.0
0.0,0.0,0.0,0.0,0.0,0.1949264705882352,0.17896825396825394,0.33909862229237264,0.11215517241379316,0.33534471294489787,0.0
0.9692307692307692,0.0,0.0,0.0,0.0,0.513968253968254,0.3233610900480142,0.39715517241379317,0.21706349206349196,0.23187500000000003,0.0
0.0,0.0,0.0,0.0,0.0,0.4039516129032258,0.3233610900480142,0.2106140350877194,0.3409740593084288,0.37992647058823514,0.0
0.11267605633802817,0.11267605633802817,0.0,1.0,0.03076923076923077,0.30999999999999994,0.30999999999999994,0.4335833333333333,0.4799264705882352,0.32653846153846156,0.0
0.0,0.0,1.0,1.0,0.0,0.28633802816901405,0.46289124562288403,0.46020208467210266,0.46996564357498527,0.43900383462312714,1.0
0.0,0.0,0.0,1.0,0.0,0.3499264705882352,0.14284615384615384,0.14284615384615384,0.42483333333333323,0.31459016393442624,0.0
0.0,0.0,0.8382352941176471,0.8450704225352113,1.0,0.2372916666666667,0.2372916666666667,0.5606140350877193,0.5181666666666667,0.41492647058823523,0.0
0.0,0.0,0.0,0.0,0.0,0.293968253968254,0.3233610900480142,0.14016666666666672,0.14016666666666672,0.1939516129032258,0.0
1.0,1.0,1.0,0.0,0.0,0.4805151030758773,0.4320634920634919,0.46020208467210266,0.44427419354838715,0.33,1.0
0.0,0.0,0.0,0.0,0.0,0.3454095018301064,0.1789516129032258,0.33909862229237264,0.18061403508771937,0.33534471294489787,0.0
0.0,0.11267605633802817,0.11267605633802817,0.06153846153846154,0.0,0.4356140350877194,0.23588235294117643,0.23588235294117643,0.341171875,0.3499264705882352,0.0
0.8857142857142857,0.1388888888888889,0.1388888888888889,0.0,0.0,0.4689516129032258,0.3756250000000001,0.3756250000000001,0.3409740593084288,0.39858333333333335,0.0
1.0,0.0,0.0,0.0,0.0,0.4499264705882352,0.39396825396825397,0.40983333333333327,0.38715517241379316,0.4339516129032258,0.0
1.0,0.0,0.0,0.0,0.0,0.4805151030758773,0.4842741935483871,0.45061403508771936,0.4331666666666666,0.3549264705882352,1.0
0.0,0.0,0.0,0.0,0.0,0.17745901639344266,0.17745901639344266,0.17745901639344266,0.3409740593084288,0.34215277777777786,0.0
0.0,0.0,0.0,0.0,0.0,0.23492647058823518,0.128968253968254,0.33909862229237264,0.11215517241379316,0.33534471294489787,0.0
0.9692307692307692,1.0,0.9508196721311475,1.0,0.0,0.443968253968254,0.45983333333333326,0.43215517241379314,0.4170634920634919,0.3579861111111111,0.0
1.0,0.0,0.0,0.0,0.8382352941176471,0.40206349206349196,0.3663571428571429,0.3663571428571429,0.28298611111111116,0.5106140350877194,0.0
0.0,0.0,0.0,0.0,0.0,0.15000000000000002,0.15000000000000002,0.33909862229237264,0.13729508196721318,0.13729508196721318,0.0
0.0,0.0,0.8857142857142857,0.0,0.0,0.39715517241379317,0.13706349206349197,0.47895161290322574,0.44427419354838715,0.4331666666666666,0.0
1.0,0.9508196721311475,1.0,0.8857142857142857,0.8382352941176471,0.6148333333333332,0.4571551724137931,0.577063492063492,0.5439516129032258,0.6406140350877194,1.0
0.03278688524590164,0.0,0.0,0.0,0.0,0.21250000000000008,0.3233610900480142,0.18895161290322582,0.3409740593084288,0.33534471294489787,0.0
1.0,0.8857142857142857,0.0,0.0,0.0,0.462063492063492,0.5339516129032258,0.3967361111111112,0.3967361111111112,0.2859859154929577,0.0
0.8382352941176471,0.0,0.0,0.0,1.0,0.6606140350877193,0.21549295774647884,0.21549295774647884,0.21549295774647884,0.4249264705882352,0.0
0.9508196721311475,0.0,0.0,0.8611111111111112,0.0,0.4371551724137932,0.33706349206349195,0.2389516129032258,0.5342741935483871,0.33534471294489787,0.0
0.0,0.0,0.0,0.0,0.0,0.17561403508771942,0.3233610900480142,0.33909862229237264,0.09992647058823519,0.33534471294489787,0.0
0.8450704225352113,0.0,1.0,0.9692307692307692,0.9508196721311475,0.5231666666666666,0.4385833333333333,0.5999264705882352,0.513968253968254,0.44715517241379316,1.0
0.0,0.0,0.0,0.01639344262295082,0.01639344262295082,0.19838461538461538,0.19838461538461538,0.33909862229237264,0.22360655737704924,0.22360655737704924,0.0
0.9230769230769231,1.0,0.9692307692307692,1.0,1.0,0.4485833333333334,0.4399264705882352,0.48396825396825405,0.5248333333333333,0.517063492063492,0.0
0.0,0.0,0.0,1.0,0.0,0.3499264705882352,0.3078461538461538,0.3078461538461538,0.5248333333333333,0.32706349206349195,0.0
0.0,0.0,0.0,0.8382352941176471,0.9230769230769231,0.3454095018301064,0.15395161290322582,0.1942741935483871,0.6456140350877192,0.5135833333333333,0.0
0.0,0.0,0.0,0.0,0.0,0.3454095018301064,0.3233610900480142,0.33909862229237264,0.42561403508771944,0.39858333333333335,0.0
0.1388888888888889,0.1388888888888889,0.0,1.0,1.0,0.28923611111111114,0.28923611111111114,0.19061403508771937,0.46996564357498527,0.4499264705882352,1.0
0.0,0.0,0.0,0.0,0.11428571428571428,0.3454095018301064,0.3233610900480142,0.33909862229237264,0.3409740593084288,0.3895,0.0
0.8450704225352113,0.9230769230769231,1.0,0.9692307692307692,0.9508196721311475,0.5731666666666666,0.5485833333333334,0.5349264705882352,0.608968253968254,0.5571551724137931,0.0
0.0,0.0,0.0,0.0,0.0,0.46061403508771936,0.4331666666666666,0.39858333333333335,0.3599264705882352,0.24530769230769234,0.0
1.0,0.9692307692307692,1.0,0.03278688524590164,1.0,0.4499264705882352,0.45396825396825397,0.5048333333333332,0.2726666666666667,0.502063492063492,0.0
0.9508196721311475,1.0,0.11428571428571428,0.11428571428571428,0.0,0.5121551724137932,0.45206349206349195,0.3285,0.3285,0.26951388888888894,0.0
0.0,0.0,0.0,0.0,0.0,0.209375,0.209375,0.22970588235294126,0.22970588235294126,0.33534471294489787,0.0
0.0,0.0,0.0,0.0,0.9230769230769231,0.42395161290322586,0.1992361111111111,0.1992361111111111,0.4356140350877194,0.5785833333333332,0.0
0.0,0.0,0.0,0.0,0.0,0.18164285714285716,0.20381944444444444,0.20381944444444444,0.38757352941176476,0.47816666666666663,0.0
0.0,0.0,0.0,0.0,0.11267605633802817,0.3747857142857143,0.20562500000000003,0.20562500000000003,0.4356140350877194,0.3629411764705882,0.0
0.9230769230769231,1.0,0.9692307692307692,1.0,1.0,0.5485833333333334,0.4849264705882351,0.49896825396825395,0.46996564357498527,0.577063492063492,1.0
0.0,1.0,0.03076923076923077,0.03076923076923077,0.03278688524590164,0.42358333333333337,0.5149264705882353,0.21976923076923077,0.21976923076923077,0.2585,0.0
0.0,0.0,0.0,0.9508196721311475,0.0,0.3549264705882352,0.38396825396825396,0.37483333333333324,0.5271551724137933,0.3355,0.0
1.0,0.9508196721311475,1.0,0.8857142857142857,0.16176470588235295,0.44483333333333325,0.592155172413793,0.5720634920634919,0.46395161290322584,0.2926470588235295,0.0
0.0,0.0,0.0,0.0,0.0,0.3454095018301064,0.3233610900480142,0.09992647058823519,0.163968253968254,0.33534471294489787,0.0
1.0,0.0,1.0,0.0,0.0,0.4499264705882352,0.37396825396825395,0.4398333333333332,0.22426229508196727,0.22426229508196727,0.0
1.0,0.9508196721311475,1.0,0.8857142857142857,0.0,0.4805151030758773,0.5671551724137931,0.497063492063492,0.5889516129032257,0.43900383462312714,1.0
0.0,1.0,0.0,0.0,0.9508196721311475,0.17858333333333332,0.5399264705882352,0.23153846153846155,0.23153846153846155,0.4121551724137931,0.0
0.03076923076923077,0.0,0.0,1.0,0.0,0.15000000000000002,0.3233610900480142,0.33909862229237264,0.397063492063492,0.30427419354838714,0.0
1.0,0.8857142857142857,0.1388888888888889,0.1388888888888889,0.0,0.527063492063492,0.5439516129032258,0.2785416666666667,0.2785416666666667,0.26112676056338024,1.0
0.0,0.0,0.06153846153846154,0.06153846153846154,0.9692307692307692,0.23323529411764704,0.23323529411764704,0.23960937499999999,0.23960937499999999,0.48896825396825394,0.0
1.0,0.0,0.0,0.9508196721311475,0.0,0.5349264705882352,0.358968253968254,0.33909862229237264,0.4421551724137931,0.24007142857142855,0.0
0.0,0.0,0.9230769230769231,1.0,0.0,0.30772058823529425,0.3233610900480142,0.5085833333333334,0.4299264705882352,0.22376923076923078,0.0
0.0,1.0,0.0,1.0,0.0,0.39396825396825397,0.5148333333333331,0.36715517241379314,0.5320634920634919,0.3710416666666667,0.0
0.0,0.0,0.16176470588235295,0.16176470588235295,0.0,0.21270833333333336,0.21270833333333336,0.2213970588235295,0.2213970588235295,0.14858333333333335,0.0
0.0,0.0,0.0,0.0,0.0,0.3454095018301064,0.14416666666666672,0.14416666666666672,0.3409740593084288,0.33534471294489787,0.0
0.0,0.0,1.0,0.9692307692307692,0.9508196721311475,0.3454095018301064,0.3233610900480142,0.5349264705882352,0.493968253968254,0.45215517241379316,0.0
0.0,0.0,0.0,0.0,0.0,0.3454095018301064,0.3233610900480142,0.33909862229237264,0.4439516129032259,0.33534471294489787,0.0
0.0,0.0,0.9230769230769231,0.0,0.0,0.24764705882352936,0.24764705882352936,0.46358333333333335,0.3099264705882352,0.37483333333333324,0.0
0.0,0.0,0.0,1.0,0.0,0.24561403508771934,0.3233610900480142,0.4385833333333333,0.4299264705882352,0.33534471294489787,0.0
0.0,0.0,0.0,0.0,0.0,0.17561403508771942,0.3233610900480142,0.33909862229237264,0.13992647058823518,0.33534471294489787,0.0
0.8857142857142857,0.0,0.0,0.0,0.0,0.47395161290322585,0.4542741935483871,0.4006140350877194,0.3409740593084288,0.3499264705882352,0.0
0.11428571428571428,0.1388888888888889,0.1388888888888889,0.8382352941176471,0.04225352112676056,0.3857857142857143,0.42243055555555553,0.42243055555555553,0.47561403508771943,0.20845070422535206,0.0
1.0,0.9692307692307692,1.0,0.9508196721311475,0.8857142857142857,0.5699264705882352,0.553968253968254,0.49983333333333324,0.5721551724137932,0.45895161290322584,1.0
0.015384615384615385,0.015384615384615385,1.0,0.9692307692307692,0.9508196721311475,0.3543846153846154,0.3543846153846154,0.5049264705882351,0.528968253968254,0.592155172413793,1.0
0.8382352941176471,0.0,0.9230769230769231,1.0,0.0,0.6256140350877194,0.4331666666666666,0.4535833333333332,0.39992647058823516,0.4198333333333332,0.0
0.0,0.0,0.0,0.0,0.0,0.213968253968254,0.3233610900480142,0.33909862229237264,0.3409740593084288,0.33534471294489787,0.0
0.0,0.0,0.0,0.0,0.0,0.37715517241379315,0.28206349206349196,0.42395161290322586,0.35427419354838713,0.28625000000000006,0.0
1.0,0.0,0.0,0.0,0.8450704225352113,0.412063492063492,0.4189516129032258,0.20562500000000003,0.20562500000000003,0.6631666666666666,0.0
0.0,0.0,0.8382352941176471,0.8450704225352113,1.0,0.34064285714285714,0.3192741935483871,0.5856140350877194,0.5731666666666666,0.4399264705882352,0.0
1.0,0.9508196721311475,1.0,0.11428571428571428,0.1388888888888889,0.4805151030758773,0.4771551724137931,0.577063492063492,0.38521428571428573,0.3703472222222222,1.0
0.03278688524590164,1.0,0.11428571428571428,0.11428571428571428,0.8382352941176471,0.3571666666666667,0.45206349206349195,0.3552142857142857,0.3552142857142857,0.5556140350877193,0.0
0.0,0.0,0.0,0.0,0.0,0.3454095018301064,0.3233610900480142,0.09992647058823519,0.10896825396825398,0.33534471294489787,0.0
1.0,0.9508196721311475,1.0,0.8857142857142857,0.0,0.5048333333333332,0.4871551724137932,0.40206349206349196,0.5489516129032259,0.17561403508771942,0.0
0.9692307692307692,1.0,0.9508196721311475,1.0,0.1388888888888889,0.443968253968254,0.46483333333333315,0.5221551724137932,0.422063492063492,0.3199305555555556,0.0
0.9230769230769231,1.0,0.9692307692307692,0.0,1.0,0.5585833333333333,0.5749264705882352,0.608968253968254,0.3409740593084288,0.5370634920634919,0.0
0.0,0.0,0.8382352941176471,0.11267605633802817,0.0,0.3454095018301064,0.3233610900480142,0.4856140350877194,0.3111764705882353,0.4135833333333333,0.0
1.0,0.0,0.0,0.0,0.0,0.4949264705882352,0.13896825396825396,0.33909862229237264,0.11442622950819677,0.11442622950819677,0.0
0.0,1.0,0.9692307692307692,0.0,1.0,0.277109375,0.43492647058823514,0.48396825396825405,0.3409740593084288,0.47706349206349197,0.0
0.11428571428571428,0.11428571428571428,0.0,0.8382352941176471,0.0,0.29207142857142854,0.29207142857142854,0.4842741935483871,0.5206140350877193,0.1917647058823529,0.0
0.8382352941176471,0.0,0.0,0.0,0.0,0.5106140350877194,0.3233610900480142,0.33909862229237264,0.09992647058823519,0.33534471294489787,0.0
0.8382352941176471,0.8450704225352113,0.0,1.0,1.0,0.6156140350877195,0.49816666666666654,0.4135833333333333,0.5749264705882352,0.4498333333333332,1.0
1.0,0.0,0.0,0.9508196721311475,0.0,0.4999264705882352,0.293968253968254,0.33909862229237264,0.46715517241379306,0.36849999999999994,0.0
0.0,0.0,0.0,0.0,0.8382352941176471,0.3454095018301064,0.11215517241379316,0.33909862229237264,0.3409740593084288,0.5606140350877193,0.0
1.0,0.9692307692307692,1.0,0.9508196721311475,0.8857142857142857,0.5499264705882352,0.608968253968254,0.5748333333333332,0.6121551724137934,0.6389516129032258,1.0
0.8857142857142857,0.8611111111111112,0.8382352941176471,0.8450704225352113,1.0,0.5739516129032258,0.5792741935483872,0.5156140350877194,0.5481666666666666,0.5999264705882352,1.0
0.9508196721311475,1.0,0.0,0.0,0.0,0.4371551724137932,0.38206349206349194,0.3089516129032258,0.3409740593084288,0.38161971830985914,0.0
0.0,0.0,0.0,0.0,0.0,0.3454095018301064,0.11215517241379316,0.33909862229237264,0.3409740593084288,0.4356140350877194,0.0
1.0,0.0,0.0,0.01639344262295082,0.01639344262295082,0.48992647058823524,0.38396825396825396,0.36483333333333323,0.33459016393442625,0.33459016393442625,0.0
0.0,0.8611111111111112,0.0,0.0,0.0,0.42395161290322586,0.6092741935483872,0.38639705882352954,0.38639705882352954,0.319296875,0.0
0.0,0.0,0.0,0.0,0.0,0.39749999999999996,0.39749999999999996,0.24427419354838711,0.3409740593084288,0.3435294117647058,0.0
0.0,1.0,0.0,1.0,0.0,0.3454095018301064,0.5148333333333331,0.33909862229237264,0.45206349206349195,0.33534471294489787,0.0
1.0,0.0,0.0,0.0,0.0,0.4249264705882352,0.19396825396825398,0.33909862229237264,0.249344262295082,0.249344262295082,0.0
0.0,0.0,0.0,0.0,0.0,0.188968253968254,0.3233610900480142,0.22715517241379315,0.3409740593084288,0.33534471294489787,0.0
0.0,1.0,0.0,0.0,0.0,0.3385833333333333,0.4649264705882352,0.233968253968254,0.3409740593084288,0.33534471294489787,0.0
0.0,0.0,0.0,0.0,0.0,0.2449264705882352,0.11896825396825399,0.33909862229237264,0.11215517241379316,0.33534471294489787,0.0
0.0,0.0,0.0,0.0,0.0,0.20110294117647068,0.3233610900480142,0.14858333333333335,0.3649264705882352,0.2426923076923077,0.0
0.0,1.0,0.9692307692307692,1.0,1.0,0.4335833333333333,0.5199264705882352,0.503968253968254,0.5398333333333333,0.542063492063492,0.0
0.0,0.0,0.11428571428571428,0.11428571428571428,0.0,0.18352459016393444,0.322063492063492,0.2952142857142857,0.2952142857142857,0.35826388888888894,0.0
0.0,0.0,0.8857142857142857,0.0,0.0,0.36215517241379314,0.23206349206349194,0.4539516129032258,0.2292741935483871,0.33534471294489787,0.0
0.0,0.0,0.0,0.0,0.0,0.26284722222222223,0.17561403508771942,0.33909862229237264,0.14858333333333335,0.10896825396825398,0.0
0.0,0.0,0.0,0.0,0.0,0.2842741935483871,0.43061403508771934,0.44316666666666665,0.42358333333333337,0.38896825396825396,0.0
0.8450704225352113,0.0,1.0,0.0,0.9508196721311475,0.6031666666666666,0.39858333333333335,0.45992647058823516,0.368968253968254,0.4921551724137931,1.0
0.0,0.0,1.0,0.9508196721311475,0.0,0.3749264705882352,0.39396825396825397,0.45983333333333326,0.4771551724137931,0.41135714285714287,0.0
0.0,0.0,1.0,0.0,0.0,0.3454095018301064,0.3233610900480142,0.45992647058823516,0.12015384615384615,0.33534471294489787,0.0
0.0,0.8857142857142857,0.0,0.0,0.0,0.24706349206349199,0.46395161290322584,0.30618055555555557,0.30618055555555557,0.33534471294489787,0.0
0.8382352941176471,0.0,0.0,0.9230769230769231,0.9692307692307692,0.49061403508771934,0.24764705882352936,0.24764705882352936,0.45858333333333334,0.458968253968254,1.0
1.0,0.8857142857142857,0.8611111111111112,0.0,0.0,0.44206349206349194,0.5439516129032258,0.524274193548387,0.20061403508771938,0.27358333333333335,1.0
0.0,0.11267605633802817,0.11267605633802817,0.0,0.0,0.42561403508771944,0.23882352941176466,0.23882352941176466,0.3409740593084288,0.33534471294489787,0.0
0.1388888888888889,0.0,0.0,0.0,0.9692307692307692,0.32395833333333335,0.42561403508771944,0.23816666666666658,0.21358333333333332,0.48896825396825394,0.0
0.8857142857142857,0.0,0.0,0.8382352941176471,0.04225352112676056,0.4539516129032258,0.40284722222222225,0.40284722222222225,0.47561403508771943,0.28640845070422527,0.0
0.0,0.0,0.0,0.0,0.0,0.3454095018301064,0.3233610900480142,0.22676470588235303,0.22676470588235303,0.2668461538461539,0.0
0.9692307692307692,1.0,0.9508196721311475,1.0,0.0,0.49896825396825395,0.5698333333333332,0.5121551724137932,0.5620634920634919,0.4692741935483872,0.0
0.0,0.0,0.0,1.0,0.0,0.27764705882352947,0.3233610900480142,0.28358333333333335,0.48992647058823524,0.25484615384615383,0.0
0.8857142857142857,0.0,0.0,0.0,0.11267605633802817,0.45895161290322584,0.27743055555555557,0.27743055555555557,0.4356140350877194,0.36676470588235294,0.0
0.0,1.0,0.9692307692307692,0.0,0.0,0.3454095018301064,0.4499264705882352,0.433968253968254,0.3409740593084288,0.33534471294489787,0.0
0.0,0.0,0.0,0.015384615384615385,0.015384615384615385,0.2688235294117648,0.24617647058823525,0.24617647058823525,0.334,0.334,0.0
0.8382352941176471,0.0,0.0,1.0,0.0,0.6706140350877193,0.18316666666666662,0.14858333333333335,0.4849264705882351,0.33534471294489787,0.0
0.0,0.0,0.0,0.0,0.0,0.27381944444444445,0.27381944444444445,0.33909862229237264,0.3252112676056337,0.3252112676056337,0.0
0.8857142857142857,0.0,0.0,1.0,0.0,0.5239516129032259,0.44927419354838705,0.17561403508771942,0.46996564357498527,0.09992647058823519,1.0
0.0,0.9508196721311475,0.0,0.8857142857142857,0.0,0.37483333333333324,0.4621551724137932,0.272063492063492,0.5139516129032258,0.209375,0.0
0.0,1.0,0.9692307692307692,1.0,1.0,0.21358333333333332,0.4849264705882351,0.503968253968254,0.4548333333333332,0.492063492063492,0.0
0.8857142857142857,0.8611111111111112,0.16176470588235295,0.16176470588235295,0.0,0.6289516129032258,0.49427419354838714,0.3665441176470589,0.3665441176470589,0.39858333333333335,1.0
0.8382352941176471,0.11267605633802817,0.11267605633802817,0.0,0.9692307692307692,0.6006140350877194,0.3120588235294117,0.3120588235294117,0.39858333333333335,0.5639682539682539,0.0
0.0,0.0,0.0,0.0,0.16176470588235295,0.2335,0.2335,0.33909862229237264,0.3409740593084288,0.2800735294117648,0.0
0.0,0.0,0.0,0.0,0.11428571428571428,0.38396825396825396,0.38483333333333325,0.39215517241379316,0.27706349206349196,0.2426428571428571,0.0
0.0,0.8450704225352113,0.0,0.0,0.0,0.3454095018301064,0.5831666666666666,0.4335833333333333,0.2199264705882352,0.16146153846153846,0.0
0.0,0.0,0.0,0.0,0.0,0.3454095018301064,0.3233610900480142,0.33909862229237264,0.3409740593084288,0.33534471294489787,0.0
0.0,0.0,1.0,1.0,0.0,0.40979166666666667,0.17561403508771942,0.46020208467210266,0.46996564357498527,0.10896825396825398,1.0
0.0,0.0,0.0,0.0,0.0,0.3454095018301064,0.09992647058823519,0.10896825396825398,0.3409740593084288,0.33534471294489787,0.0
0.03076923076923077,0.03076923076923077,0.0,0.0,0.0,0.17369230769230773,0.17369230769230773,0.39483333333333326,0.37215517241379314,0.4039516129032258,0.0
0.0,0.0,0.0,0.0,0.1388888888888889,0.3454095018301064,0.3233610900480142,0.33909862229237264,0.3409740593084288,0.2660416666666667,0.0
0.0,0.9230769230769231,0.0,0.03076923076923077,1.0,0.20443661971830981,0.4485833333333334,0.2199264705882352,0.4083076923076923,0.4848333333333333,0.0
0.0,0.0,0.0,0.0,1.0,0.2188235294117648,0.3233610900480142,0.16523076923076926,0.16523076923076926,0.43492647058823514,0.0
0.9508196721311475,1.0,0.8857142857142857,0.8611111111111112,0.0,0.5221551724137932,0.577063492063492,0.5189516129032258,0.6392741935483871,0.39352941176470596,1.0
1.0,0.9692307692307692,0.0,0.0,0.8857142857142857,0.4499264705882352,0.5089682539682541,0.3998333333333332,0.36715517241379314,0.5339516129032258,0.0
0.0,0.0,0.0,0.0,0.0,0.17561403508771942,0.3233610900480142,0.33909862229237264,0.1499264705882352,0.33534471294489787,0.0
0.9692307692307692,1.0,0.9508196721311475,0.0,0.0,0.583968253968254,0.45983333333333326,0.4571551724137931,0.35206349206349197,0.23131944444444444,0.0
0.0,0.0,0.0,1.0,1.0,0.3454095018301064,0.153671875,0.153671875,0.48992647058823524,0.4298333333333332,0.0
0.0,0.8857142857142857,0.0,0.8382352941176471,0.0,0.372063492063492,0.5089516129032259,0.47927419354838713,0.6256140350877194,0.25617187499999994,0.0
0.0,0.0,0.0,1.0,1.0,0.3454095018301064,0.22398437499999999,0.22398437499999999,0.4299264705882352,0.42483333333333323,0.0
0.0,0.0,0.0,0.1388888888888889,0.0,0.3454095018301064,0.19206349206349196,0.4289516129032258,0.3613194444444444,0.3237500000000001,0.0
0.03076923076923077,1.0,0.03278688524590164,0.03278688524590164,0.8857142857142857,0.37623076923076926,0.6198333333333332,0.33,0.33,0.4539516129032258,0.0
0.0,0.0,0.8382352941176471,0.8450704225352113,1.0,0.4439516129032259,0.46427419354838706,0.6606140350877193,0.6031666666666666,0.5999264705882352,0.0
0.0,0.0,1.0,0.03278688524590164,1.0,0.15215384615384617,0.15215384615384617,0.45983333333333326,0.3275,0.48206349206349197,0.0
0.9508196721311475,1.0,0.8857142857142857,0.0,0.0,0.5721551724137932,0.5620634920634919,0.4939516129032258,0.22645833333333334,0.33534471294489787,0.0
0.9230769230769231,1.0,0.9692307692307692,1.0,1.0,0.5985833333333335,0.5299264705882352,0.583968253968254,0.5498333333333332,0.5720634920634919,1.0
0.01639344262295082,1.0,0.8857142857142857,0.8611111111111112,0.0,0.19639344262295086,0.502063492063492,0.45895161290322584,0.5092741935483871,0.21551470588235302,0.0
0.9508196721311475,0.0,0.0,0.0,0.0,0.5071551724137932,0.272063492063492,0.2572142857142857,0.2572142857142857,0.23548611111111112,0.0
0.0,0.0,0.0,0.0,0.0,0.21676470588235303,0.21676470588235303,0.33909862229237264,0.22358333333333333,0.28084615384615386,0.0
0.0,0.0,0.0,0.0,0.0,0.3454095018301064,0.272421875,0.272421875,0.2999264705882352,0.23907692307692308,0.0
1.0,0.0,0.0,0.0,0.03278688524590164,0.5249264705882352,0.1839230769230769,0.1839230769230769,0.3409740593084288,0.33283333333333337,0.0
0.0,0.0,0.0,0.0,0.0,0.368968253968254,0.3233610900480142,0.33909862229237264,0.14706349206349198,0.33534471294489787,0.0
0.0,0.0,0.0,0.03076923076923077,0.0,0.32146153846153847,0.32146153846153847,0.3949264705882352,0.13615384615384615,0.33534471294489787,0.0
0.16176470588235295,0.0,0.9230769230769231,1.0,0.0,0.34779411764705886,0.4331666666666666,0.4985833333333334,0.4749264705882352,0.37483333333333324,0.0
1.0,0.0,1.0,0.0,0.1388888888888889,0.5398333333333333,0.39215517241379316,0.39206349206349195,0.4289516129032258,0.2767361111111111,0.0
0.0,0.0,0.0,0.0,0.0,0.2488235294117648,0.3233610900480142,0.155546875,0.155546875,0.26200000000000007,0.0
0.16176470588235295,0.0,0.9230769230769231,1.0,0.0,0.3369852941176471,0.3233610900480142,0.5735833333333333,0.4999264705882352,0.33534471294489787,0.0
0.03076923076923077,1.0,0.03278688524590164,0.03278688524590164,0.8857142857142857,0.31561538461538463,0.4398333333333332,0.379,0.379,0.4539516129032258,0.0
0.0,0.0,0.0,1.0,0.0,0.3383802816901408,0.3383802816901408,0.42358333333333337,0.4399264705882352,0.33534471294489787,0.0
0.1388888888888889,0.0,0.0,0.0,0.0,0.3317361111111112,0.26360294117647065,0.26360294117647065,0.3116901408450704,0.3116901408450704,0.0
0.0,0.0,0.0,0.0,0.0,0.11215517241379316,0.3233610900480142,0.33909862229237264,0.3409740593084288,0.33534471294489787,0.0
0.03076923076923077,0.03076923076923077,0.0,0.9508196721311475,0.0,0.28684615384615386,0.28684615384615386,0.37483333333333324,0.45215517241379316,0.4489516129032259,0.0
0.06153846153846154,0.06153846153846154,1.0,0.0,1.0,0.23835937499999996,0.23835937499999996,0.5249264705882352,0.13653846153846155,0.45983333333333326,0.0
0.0,0.0,0.0,0.0,0.0,0.3454095018301064,0.11666666666666671,0.11666666666666671,0.3409740593084288,0.33534471294489787,0.0
0.0,0.0,0.0,0.0,0.0,0.3454095018301064,0.15592307692307697,0.15592307692307697,0.15592307692307697,0.33534471294489787,0.0
0.0,0.0,0.0,0.0,0.0,0.2357638888888889,0.2357638888888889,0.17561403508771942,0.3409740593084288,0.1099264705882352,0.0
0.03076923076923077,0.03076923076923077,1.0,0.0,0.11428571428571428,0.3100769230769231,0.3100769230769231,0.42483333333333323,0.36215517241379314,0.3175,0.0
0.0,0.0,0.0,0.0,0.11428571428571428,0.15738461538461543,0.3233610900480142,0.33909862229237264,0.3409740593084288,0.3809285714285714,0.0
0.9692307692307692,0.0,0.0,0.0,0.0,0.41396825396825393,0.3233610900480142,0.36215517241379314,0.32706349206349195,0.34707142857142853,0.0
0.0,0.0,0.0,0.0,0.0,0.23145833333333338,0.23145833333333338,0.2506140350877194,0.3409740593084288,0.228359375,0.0
1.0,0.9508196721311475,1.0,0.0,0.0,0.4298333333333332,0.5121551724137932,0.492063492063492,0.4139516129032258,0.33645833333333336,0.0
0.0,0.0,0.0,0.11267605633802817,0.0,0.3454095018301064,0.30427419354838714,0.33909862229237264,0.3129411764705882,0.31153846153846154,0.0
0.0,0.0,0.0,0.0,0.0,0.15366666666666673,0.3233610900480142,0.33909862229237264,0.3409740593084288,0.33534471294489787,0.0
0.0,0.0,0.0,0.0,0.0,0.3454095018301064,0.3233610900480142,0.33909862229237264,0.3409740593084288,0.2592741935483871,0.0
1.0,0.8857142857142857,0.8611111111111112,0.0,0.9230769230769231,0.577063492063492,0.5189516129032258,0.5792741935483872,0.46061403508771936,0.4735833333333334,1.0
0.9692307692307692,0.0,0.9508196721311475,1.0,0.8611111111111112,0.443968253968254,0.46289124562288403,0.5121551724137932,0.47706349206349197,0.5792741935483872,1.0
0.0,0.0,0.0,0.0,0.0,0.3199264705882352,0.11546153846153848,0.11546153846153848,0.3598333333333332,0.28316666666666673,0.0
0.11428571428571428,0.0,0.0,0.0,0.9230769230769231,0.32649999999999996,0.3571527777777778,0.3571527777777778,0.43061403508771934,0.4735833333333334,0.0
0.0,1.0,0.0,0.0,0.8382352941176471,0.36215517241379314,0.39206349206349195,0.3502142857142857,0.3502142857142857,0.5306140350877193,0.0
0.0,0.0,0.0,0.0,0.0,0.20237704918032792,0.20237704918032792,0.20237704918032792,0.13206349206349194,0.23835714285714282,0.0
0.0,0.0,1.0,0.11428571428571428,0.0,0.3454095018301064,0.38215517241379315,0.45206349206349195,0.3152142857142857,0.25854166666666667,0.0
0.04225352112676056,0.06153846153846154,0.06153846153846154,1.0,0.0,0.23457746478873234,0.404296875,0.404296875,0.4849264705882351,0.16146153846153846,0.0
0.0,0.0,0.0,0.0,0.8382352941176471,0.372063492063492,0.33864285714285713,0.33864285714285713,0.22645833333333334,0.6756140350877196,0.0
0.04225352112676056,0.04225352112676056,0.04225352112676056,0.0,1.0,0.39169014084507037,0.39169014084507037,0.39169014084507037,0.37335937499999994,0.4799264705882352,0.0
1.0,0.0,0.0,0.0,0.0,0.40492647058823517,0.11896825396825399,0.33909862229237264,0.30715517241379314,0.33534471294489787,0.0
0.0,0.0,0.0,0.0,0.0,0.3454095018301064,0.17561403508771942,0.33909862229237264,0.3409740593084288,0.11396825396825397,0.0
0.0,0.0,0.0,0.0,0.0,0.41483333333333317,0.40215517241379317,0.28706349206349197,0.4339516129032258,0.2635416666666667,0.0
0.0,0.0,0.0,0.0,0.0,0.14715517241379317,0.3233610900480142,0.33909862229237264,0.3409740593084288,0.33534471294489787,0.0
0.0,0.0,0.0,0.0,0.0,0.3454095018301064,0.372063492063492,0.33909862229237264,0.3409740593084288,0.33534471294489787,0.0
0.0,0.8857142857142857,0.0,0.0,0.16176470588235295,0.297063492063492,0.45895161290322584,0.1942361111111111,0.1942361111111111,0.2701470588235295,0.0
0.8382352941176471,0.0,0.9230769230769231,1.0,1.0,0.5956140350877194,0.47316666666666657,0.4885833333333333,0.5999264705882352,0.4348333333333333,0.0
0.0,0.0,0.0,0.0,0.0,0.3454095018301064,0.17215517241379316,0.33909862229237264,0.3409740593084288,0.21801470588235303,0.0
0.0,0.0,0.0,0.0,0.0,0.2042741935483871,0.44061403508771935,0.33909862229237264,0.3409740593084288,0.33534471294489787,0.0
0.0,0.0,0.0,0.0,0.0,0.243968253968254,0.3233610900480142,0.11215517241379316,0.3409740593084288,0.33534471294489787,0.0
0.0,0.0,0.0,0.0,0.0,0.3454095018301064,0.17992647058823516,0.293968253968254,0.3409740593084288,0.33534471294489787,0.0
0.0,0.0,0.0,0.0,0.0,0.4039516129032258,0.44927419354838705,0.42561403508771944,0.24880281690140843,0.24880281690140843,0.0
0.0,0.0,0.0,0.0,0.0,0.33718309859154927,0.33718309859154927,0.33718309859154927,0.39858333333333335,0.23846153846153847,0.0
0.0,0.0,0.8857142857142857,0.0,0.0,0.30401639344262293,0.08206349206349195,0.45895161290322584,0.20034722222222223,0.17561403508771942,0.0
0.03076923076923077,0.03076923076923077,1.0,0.9508196721311475,0.11428571428571428,0.2768461538461538,0.2768461538461538,0.5748333333333332,0.48215517241379313,0.38921428571428573,1.0
0.03076923076923077,0.0,0.0,0.0,0.0,0.17615384615384622,0.39483333333333326,0.1181147540983607,0.1181147540983607,0.262063492063492,0.0
0.0,0.0,0.0,0.0,0.0,0.3454095018301064,0.1199264705882352,0.10896825396825398,0.3409740593084288,0.33534471294489787,0.0
1.0,0.0,1.0,1.0,0.0,0.4805151030758773,0.46289124562288403,0.46020208467210266,0.5649264705882352,0.4198333333333332,1.0
1.0,0.0,0.0,0.0,0.11267605633802817,0.5570634920634919,0.1939516129032258,0.33909862229237264,0.21455882352941183,0.2667647058823529,0.0
0.0,0.0,0.0,0.0,0.0,0.3313235294117648,0.3313235294117648,0.33909862229237264,0.4135833333333333,0.39896825396825397,0.0
1.0,0.0,0.0,0.0,0.11267605633802817,0.4320634920634919,0.2189516129032258,0.1942741935483871,0.2604411764705883,0.3308823529411764,0.0
0.0,0.0,0.0,0.0,0.0,0.11115384615384616,0.11115384615384616,0.33909862229237264,0.11516666666666671,0.33534471294489787,0.0
0.0,0.0,0.0,0.0,0.0,0.2421551724137932,0.3233610900480142,0.33909862229237264,0.3409740593084288,0.33534471294489787,0.0
0.0,0.0,0.8382352941176471,0.04225352112676056,0.04225352112676056,0.3260416666666667,0.3260416666666667,0.47561403508771943,0.34704225352112666,0.34704225352112666,0.0
0.0,0.0,0.0,0.0,0.0,0.3454095018301064,0.10896825396825398,0.33909862229237264,0.3409740593084288,0.33534471294489787,0.0
